Ownership,Address,Area (about) (m²),提供無障礙通道設施,備註,名稱,Name,Remarks,Northing,地址,GMID,提供有蓋座位,Accessibility / Location,Relevant District Lands Office,開放時間,前往方法 / 所處位置,所屬分區地政處,Opening Hours,Provision of Barrier-free-access Facilities,Provision of Sheltered Seating,業權,所屬區議會,面積(約)（平方米）,Relevant District Council,Easting
Multiple Ownership,1 LOHAS PARK ROAD,7432,提供無障礙通道設施,,日出康城,LOHAS Park,,817302.0,康城路 1號,aiFL4QwHuZ,,It is at 4/F and accessible from MTR LOHAS Park Station.,"DISTRICT LANDS OFFICE, SAI KUNG",全日向公眾開放,位於該發展項目的四樓，可由港鐵康城站前往。,西貢地政處,Opening to the public at all times,Barrier-free-access facilities available,,共有業權,西貢,7432,SAI KUNG,845680.0
Single Ownership,33 HIP WO STREET,5749,提供無障礙通道設施,,凱滙,Grand Central,,819502.0,協和街 33號,UmOF1rER4o,沒有提供有蓋座位,"There are 2 parcels of open space and their respective sizes are about 1,716 m² and 4,033 m². They are at ground and 3/F level and accessible from Yue Man Square, Hong Ning Road and Mut Wah Street.","DISTRICT LANDS OFFICE, KOWLOON EAST",地面休憩空間全日向公眾開放<br/>三樓休憩空間每天上午9時至晚上10時向公眾開放。,"該處有兩幅休憩空間,面積分別約為1,716及4,033平方米。位於地面及三樓，可由裕民坊，康寧道及物華街前往。",九龍東區地政處,"For open space at ground level, opening to the public at all times.<br/>For open space at 3/F, opening to the public from 09:00 a.m. to 10:00 p.m. daily.",Barrier-free-access facilities available,Sheltered seating not available,單一業權,觀塘,5749,KWUN TONG,841113.0
Single Ownership,31 - 33 Tsing King Road,5070,提供無障礙通道設施,,青衣城2期,Maritime Square Phase 2,,824555.0,新界青衣青敬路31-33號,qazT4s1k3p,沒有提供有蓋座位,"Roof and Flat Roof Garden (Open Space) in Maritime Square Phase 2 Shopping Arcade, Tsing King Road, Tsing Yi","DISTRICT LANDS OFFICE, TSUEN WAN AND KWAI TSING",由上午八時到晚上九時,青衣青敬路青衣城商場2期戶外平台及天台花園 (休憩用地),荃灣葵青地政處,from 8:00 a.m. to 9:00 p.m.,Barrier-free-access facilities available,Sheltered seating not available,單一業權,葵青,5070,KWAI TSING,829084.0
Single Ownership,8 YEUNG UK ROAD,3423,提供無障礙通道設施,,如心廣場,Nina Tower,,825539.0,楊屋道 8號,gepLB1D3NR,沒有提供有蓋座位,"Both are located on the ground level. One is located between Yeung Uk Road and Tai Ho Road, the other one is located between the development and Tsuen Wan Park.","DISTRICT LANDS OFFICE, TSUEN WAN AND KWAI TSING",全日向公眾開放,兩個都位於地面，一個是位處楊屋道與大河道之間，另一個位於項目及荃灣公園之間。,荃灣葵青地政處,Opening to the public at all times,Barrier-free-access facilities available,Sheltered seating not available,單一業權,荃灣,3423,TSUEN WAN,829665.0
Single Ownership,181 Chatham Road South,7941,提供無障礙通道設施,,香港理工大學八期,Phase 8 Development of the Hong Kong Polytechnic University,,818587.0,漆咸道南181號,0bdQlzzkqg,沒有提供有蓋座位,Major portion of the Public Open Space on 6/F of the building.  Accessible from Chatham Road South or the footbridge across Chatham Road South.,"DISTRICT LANDS OFFICE, KOWLOON WEST",每天上午7時至晚上12時開放,主要部分的公共休憩用地在大樓六樓。可從漆咸道南或經漆咸道南行人天橋抵達。,九龍西區地政處,Opens from 07:00 a.m. to 12:00 midnight daily,Barrier-free-access facilities available,Sheltered seating not available,單一業權,油尖旺,7941,YAU TSIM MONG,836507.0
Single Ownership,1 Sheung Shing Street,500,提供無障礙通道設施,,香港都會大學,Hong Kong Metropolitan University,,819825.0,常盛街 1 號,yjSZhfmq47,提供有蓋座位,"It is accessible from Fat Kwong Street, Sheung Shing Street, the covered footbridge across Sheung Shing Street and Sheung Shing Street Park.","DISTRICT LANDS OFFICE, KOWLOON WEST",全日向公眾開放,可從彿光街、常盛街、經由橫跨常盛街的行人天橋及常盛街公園前往。,九龍西區地政處,Opening to the public at all times,Barrier-free-access facilities available,Sheltered seating available,單一業權,九龍城,500,KOWLOON CITY,836565.0
Multiple Ownership,188 Fuk Wa Street,250,無障礙通道設施不適用,N.A.,海峯,Vista,N.A.,821569.0,福華街188號,amesUFo7SY,沒有提供有蓋座位,It is at ground level and is accessible from Kiu Kiang Street and Fuk Wing Street.,"DISTRICT LANDS OFFICE, KOWLOON WEST",每天上午6時至晚上10時向公眾開放。,"位於地面,可由九江街及福榮街前往。",九龍西區地政處,It is open to the public from 06:00 a.m. to 10:00 p.m. daily.,Barrier-free-access facilities not applicable,Sheltered seating not available,共有業權,深水埗,250,SHAM SHUI PO,834623.0
Multiple Ownership,1 Tsun King Road,8890,沒有提供無障礙通道設施,N.A.,駿景園,Royal Ascot,N.A.,828858.0,駿景路1號,8EXokKLksN,沒有提供有蓋座位,It is at Level 1 and is accessible from Lok King Street.,"District Lands Office, Sha Tin",每天上午6時至晚上11時向公眾開放。,"位於第1樓層,可由樂景街前往。",沙田地政處,It is open to the public from 06:00 a.m. to 11:00 p.m. daily.,Barrier-free-access facilities not available,Sheltered seating not available,共有業權,沙田,8890,SHA TIN,838782.0
Multiple Ownership,373 Po On Road,250,無障礙通道設施不適用,N.A.,豐盛居,Beacon Lodge,N.A.,822326.0,保安道373號,L86cgATHuC,沒有提供有蓋座位,It is at ground level and is accessible from Hing Wah Street and Shun Ning Road.,"DISTRICT LANDS OFFICE, KOWLOON WEST",全日向公眾開放,"位於地面,可由興華街及順寧道前往。",九龍西區地政處,Opening to the public at all times,Barrier-free-access facilities not applicable,Sheltered seating not available,共有業權,深水埗,250,SHAM SHUI PO,834063.0
Single Ownership,1 Garden Road,1720,沒有提供無障礙通道設施,N.A.,中銀大廈,Bank of China Tower,N.A.,815600.0,花園道1號,wNZAeYFyq1,沒有提供有蓋座位,It is at ground level and is accessible from Queensway.,"District Lands Office, Hong Kong West and South",全日向公眾開放,"位於地面,可由金鐘道前往。",港島西及南區地政處,Opening to the public at all times,Barrier-free-access facilities not available,Sheltered seating not available,單一業權,中西區,1720,CENTRAL & WESTERN,834649.0
Multiple Ownership,18 Hanoi Road,1200,提供無障礙通道設施,N.A.,K11,K11,N.A.,817611.0,河內道18號,ZfbahHwEOk,提供有蓋座位,It is at ground level and is accessible from Mody Road and Carnarvon Road.,"DISTRICT LANDS OFFICE, KOWLOON WEST",全日向公眾開放,"位於地面,可由麽地道及加拿芬道前往。",九龍西區地政處,Opening to the public at all times,Barrier-free-access facilities available,Sheltered seating available,共有業權,油尖旺,1200,YAU TSIM MONG,835904.0
Multiple Ownership,"Harbour View Street, Central",9600,提供無障礙通道設施,N.A.,香港站物業發展(休憩空間-1),Hong Kong Station Development (Open Space -1),N.A.,816340.0,中環港景街,XgBIeATDth,提供有蓋座位,It is at Podium Levels 3 and 4.,"District Lands Office, Hong Kong West and South",全日向公眾開放,位於平台第3及第4樓層。,港島西及南區地政處,Opening to the public at all times,Barrier-free-access facilities available,Sheltered seating available,共有業權,中西區,9600,CENTRAL & WESTERN,834307.0
Multiple Ownership,"18 Sai Wan Terrace, Quarry Bay",540,沒有提供無障礙通道設施,N.A.,逸意居,The Floridian,N.A.,816167.0,鰂魚涌西灣臺18號,XxJq7XiZus,沒有提供有蓋座位,It is at the junction of Hong On Street and Sai Wan Terrace and is accessible from Sai Wan Terrace.,"District Lands Office, Hong Kong East",全日向公眾開放,"位於康安街與西灣臺的交界處,可由西灣臺前往。",港島東區地政處,Opening to the public at all times,Barrier-free-access facilities not available,Sheltered seating not available,共有業權,東區,540,EASTERN,840534.0
Multiple Ownership,88 Queensway,3000,提供無障礙通道設施,N.A.,太古廣場一及二期(休憩空間-1),Pacific Place Phases I & II (Open Space -1),N.A.,815348.0,金鐘道88號,Po7oSrJp9j,沒有提供有蓋座位,It is at level 6 and is accessible from Supreme Court Road.,"District Lands Office, Hong Kong West and South",全日向公眾開放,"位於第6層,可由法院道前往。",港島西及南區地政處,Opening to the public at all times,Barrier-free-access facilities available,Sheltered seating not available,共有業權,中西區,3000,CENTRAL & WESTERN,835033.0
Multiple Ownership,3 Public Square Street,7510,提供無障礙通道設施,N.A.,駿發花園,Prosperous Garden,N.A.,819052.0,眾坊街3號,LJiYEPnya2,沒有提供有蓋座位,It is at ground level and deck level and is accessible from Public Square Street and Tung Kun Street.,"DISTRICT LANDS OFFICE, KOWLOON WEST",每天上午6時至晚上10時向公眾開放。,"位於地面及低層平台,可由眾坊街及東莞街前往。",九龍西區地政處,It is open to the public from 06:00 a.m. to 10:00 p.m. daily.,Barrier-free-access facilities available,Sheltered seating not available,共有業權,油尖旺,7510,YAU TSIM MONG,835405.0
Multiple Ownership,533 Sai Sha Road,3600,沒有提供無障礙通道設施,位於政府土地,帝琴灣-凱琴居,Symphony Bay Villa Rhapsody,On government land,832302.0,西沙路533號,Hi5uqenCcr,沒有提供有蓋座位,It is at ground level and is accessible from Nin Fung Road.,"District Lands Office, Tai Po",全日向公眾開放,"位於地面,可由年豐路前往。",大埔地政處,Opening to the public at all times,Barrier-free-access facilities not available,Sheltered seating not available,共有業權,大埔,3600,TAI PO,843953.0
Multiple Ownership,233 Electric Road,5420,沒有提供無障礙通道設施,N.A.,城市花園,City Garden,N.A.,816869.0,電氣道233號,w7X6LREkmI,沒有提供有蓋座位,It is at ground level and is accessible from City Garden Road.,"District Lands Office, Hong Kong East",每天上午7時至晚上11時向公眾開放。,"位於地面,可由城市花園道前往。",港島東區地政處,It is open to the public from 07:00 a.m. to 11:00 p.m. daily.,Barrier-free-access facilities not available,Sheltered seating not available,共有業權,東區,5420,EASTERN,838009.0
Multiple Ownership,8 Fuk Lee Street,9800,提供無障礙通道設施,N.A.,港灣豪庭,Metro Harbour View,N.A.,820612.0,福利街8號,pBFoMtN5y2,沒有提供有蓋座位,"It is at 1/F, 2/F and Podium and is accessible from Fuk Lee Street by staircase.","DISTRICT LANDS OFFICE, KOWLOON WEST",每天上午7時至晚上10時向公眾開放。,"位於1樓、2樓及平台,可由福利街經梯級前往。",九龍西區地政處,It is open to the public from 07:00 a.m. to 10:00 p.m. daily.,Barrier-free-access facilities available,Sheltered seating not available,共有業權,油尖旺,9800,YAU TSIM MONG,834577.0
Multiple Ownership,"28 Fortress Hill Road, North Point",830,沒有提供無障礙通道設施,位於政府土地,豪廷峯,Le Sommet,On government land,816572.0,北角炮台山道28號,77jsNxLEIt,沒有提供有蓋座位,It is at ground level and is accessible from Fortress Hill Road.,"District Lands Office, Hong Kong East",全日向公眾開放,"位於地面,可由炮台山道前往。",港島東區地政處,Opening to the public at all times,Barrier-free-access facilities not available,Sheltered seating not available,共有業權,東區,830,EASTERN,838169.0
Multiple Ownership,"2B Broadwood Road, Happy Valley",2000,沒有提供無障礙通道設施,位於政府土地,禮頓山,The Leighton Hill,On government land,815114.0,跑馬地樂活道2B號,3rmObPYZhh,沒有提供有蓋座位,It is at ground level and is accessible from Wong Nai Chung Road.,"District Lands Office, Hong Kong East",全日向公眾開放,"位於地面,可由黃泥涌道前往。",港島東區地政處,Opening to the public at all times,Barrier-free-access facilities not available,Sheltered seating not available,共有業權,灣仔,2000,WAN CHAI,836945.0
Multiple Ownership,"38 Tai Hong Street, Sai Wan Ho",1010,提供無障礙通道設施,位於政府土地,嘉亨灣,Grand Promenade,On government land,816184.0,西灣河太康街38號,0VVCRcsmBa,沒有提供有蓋座位,It is at ground level and next to Shau Kei Wan Typhoon Shelter accessible from Tai On Street.,"District Lands Office, Hong Kong East",全日向公眾開放,"位於地面,在筲箕灣避風塘側,可由太安街前往。",港島東區地政處,Opening to the public at all times,Barrier-free-access facilities available,Sheltered seating not available,共有業權,東區,1010,EASTERN,841229.0
Multiple Ownership,69 Siu Lek Yuen Road,2700,提供無障礙通道設施,N.A.,帝堡城,Castello,N.A.,827047.0,小瀝源路69號,X0Lz2OZ5sI,沒有提供有蓋座位,It is at Level 7 and is accessible from Siu Lek Yuen Road.,"District Lands Office, Sha Tin",每天上午7時至晚上10時向公眾開放。,"位於第7樓層,可由小瀝源路前往。",沙田地政處,It is open to the public from 07:00 a.m. to 10:00 p.m. daily.,Barrier-free-access facilities available,Sheltered seating not available,共有業權,沙田,2700,SHA TIN,840266.0
Single Ownership,9 Lung Wah Street,2150,提供無障礙通道設施,N.A.,香港大學賽馬會第三學生村(休憩空間-2),The University of Hong Kong Jockey Club Student Village III (Open Space - 2),N.A.,815548.0,龍華街9號,MJP4xWmYXG,沒有提供有蓋座位,It is at ground level and is accessible from Lung Wah Street.,"District Lands Office, Hong Kong West and South",每天早上7時至晚上9時30分開放。,"位於地面,可由龍華街前往。",港島西及南區地政處,It is open to the public from 7:00 a.m. to 9:30 p.m. daily.,Barrier-free-access facilities available,Sheltered seating not available,單一業權,中西區,2150,CENTRAL & WESTERN,831385.0
Single Ownership,348 KWUN TONG ROAD,1006,無障礙通道設施不適用,N.A.,International Trade Tower,International Trade Tower,N.A.,819592.0,觀塘道 348號,e09XiW6RV9,沒有提供有蓋座位,"It is on ground level and is accessible from Yan Yip Street, Hang Yip Street and Kwun Tong Road.","DISTRICT LANDS OFFICE, KOWLOON EAST",全日向公眾開放,位於地面，可由欣業街，恆業街及觀塘道前往。,九龍東區地政處,Opening to the public at all times,Barrier-free-access facilities not applicable,Sheltered seating not available,單一業權,觀塘,1006,KWUN TONG,840448.0
Multiple Ownership,123 Hollywood Road,1400,沒有提供無障礙通道設施,N.A.,荷李活華庭,Hollywood Terrace,N.A.,816160.0,荷李活道123號,yfr1ogsn4f,提供有蓋座位,It is at Level 5 and Level 6 and is accessible from Hollywood Road and Shing Wong Street.,"District Lands Office, Hong Kong West and South",全日向公眾開放,"位於第5及第6樓層,可由荷李活道及城皇街前往。",港島西及南區地政處,Opening to the public at all times,Barrier-free-access facilities not available,Sheltered seating available,共有業權,中西區,1400,CENTRAL & WESTERN,833639.0
Single Ownership,33 Shan Nam Road,7000,沒有提供無障礙通道設施,設施提供如下: (a) 運動場 (b) 兩座燒烤爐 (c) 圍繞運動場的遠足徑 (d) 露天休憩範圍 (e) 21個指定的泊車位 (f) 訪客樓內的男女洗手間及花灑間 (各6個),香港國際創價學會文化康樂中心,Soka Gakkai International of Hong Kong Cultural and Recreational Centre,The facilities providedare as follows: (a) Sports ground (b) 2 barbecue pits (c) Hiking trail around sports ground (d) Sitting out area (e) 21 designated car parking spaces (f) Toilets and shower rooms (6 each for male and female) in the visitor pavilion,837225.0,山南路33 號,7AZ2yIJMak,提供有蓋座位,It is at ground level and is accessible from a non-exclusive right of way connecting to Shan Liu Road.,"District Lands Office, Tai Po",一月至三月及十一月至十二月 : 上午10時至下午4時 (星期一至五) 上午10時至下午5時 (星期六、日及公眾假期) 四月至十月 : 上午10時至下午4時 (星期一至五) 上午10時至下午6時 (星期六、日及公眾假期),"位於地面,可由一連接山寮路的非專用通道前往。",大埔地政處,"January to March and November to December: <br/>10:00 a.m. to 04:00 p.m. (Monday to Friday) 10:00 a.m. to 05:00 p.m. (Saturday, Sunday and public holidays). April to October: 10:00 a.m. to 04:00 p.m. (Monday to Friday) 10:00 a.m. to 06:00 p.m. (Saturday, Sunday and public holidays).",Barrier-free-access facilities not available,Sheltered seating available,單一業權,大埔,7000,TAI PO,841056.0
Multiple Ownership,1 Shek Pai Tau Path,2810,無障礙通道設施不適用,位於政府土地,卓爾居,Chelsea Heights,On government land,829132.0,石排頭徑1號,j1xVZZr2AP,提供有蓋座位,It is at ground level and is accessible from Shek Pai Tau Path.,"District Lands Office, Tuen Mun",每天上午9時至晚上10時向公眾開放。,"位於地面,可由石排頭徑前往。",屯門地政處,It is open to the public from 09:00 a.m. to 10:00 p.m. daily.,Barrier-free-access facilities not applicable,Sheltered seating available,共有業權,屯門,2810,TUEN MUN,815470.0
Multiple Ownership,"8 Tung Chung Waterfront Road, Tung Chung",8300,沒有提供無障礙通道設施,位於政府土地,海堤灣畔,Seaview Crescent,On government land,817149.0,東涌海濱路8號,Xgqi2HuhLp,沒有提供有蓋座位,It is at ground level and is accessible from Man Tung Road and Wai Tung Road.,"District Lands Office, Islands",全日向公眾開放,"位於地面,可由文東路及惠東路前往。",離島地政處,Opening to the public at all times,Barrier-free-access facilities not available,Sheltered seating not available,共有業權,離島,8300,ISLANDS,812112.0
Multiple Ownership,11 Hoi Fai Road,7800,提供無障礙通道設施,N.A.,奧海城1期,Olympian City 1,N.A.,820182.0,海輝道11號,WFENCCpM0w,提供有蓋座位,"They are at ground level and are accessible from Hoi Fai Road, Hoi Fan Road and Cherry Street.","DISTRICT LANDS OFFICE, KOWLOON WEST",全日向公眾開放,"位於地面,可由海輝道、海帆道及櫻桃街前往。",九龍西區地政處,Opening to the public at all times,Barrier-free-access facilities available,Sheltered seating available,共有業權,油尖旺,7800,YAU TSIM MONG,834245.0
Single Ownership,2 Queen’s Road Central,5200,提供無障礙通道設施,N.A.,長江集團中心,Cheung Kong Center,N.A.,815659.0,皇后大道中2號,69WG2IIArQ,沒有提供有蓋座位,It is at G/F and UG/F and is accessible from Queen's Road Central.,"District Lands Office, Hong Kong West and South",全日向公眾開放,"位於地面及地下高層,可由皇后大道中前往。",港島西及南區地政處,Opening to the public at all times,Barrier-free-access facilities available,Sheltered seating not available,單一業權,中西區,5200,CENTRAL & WESTERN,834556.0
Multiple Ownership,31-33 Wing Lok Street /181-183 Queen’s Road Central,800,沒有提供無障礙通道設施,露天食肆座位已獲發短期豁免書。,中遠大廈及新紀元廣場,Cosco Tower and Grand Millennium Plaza,A temporary waiver has been granted for the outdoor restaurant seating accommodation.,816265.0,永樂街31-33號/ 皇后大道中181-183號,LJKSkjq7aK,沒有提供有蓋座位,It is at ground level and is accessible from Queen's Road Central.,"District Lands Office, Hong Kong West and South",全日向公眾開放,"位於地面,可由皇后大道中前往。",港島西及南區地政處,Opening to the public at all times,Barrier-free-access facilities not available,Sheltered seating not available,共有業權,中西區,800,CENTRAL & WESTERN,833832.0
Multiple Ownership,"18 Tanner Road, North Point",1410,沒有提供無障礙通道設施,N.A.,丹拿花園,Tanner Garden,N.A.,816834.0,北角丹拿道18號,iH1AUsQufx,沒有提供有蓋座位,There are 2 parcels of open space and their respective sizes are about (Open Space-1) 920 m² and (Open Space-2) 490 m². Open Space-1 is on ground level and is accessible from Tanner Road. Open Space-2 is adjacent to Block 3 of Tanner Garden and is accessible from Tanner Road by staircase.,"District Lands Office, Hong Kong East",休憩空間-1為全日向公眾開放。休憩空間-2每天上午5 時30 分至下午6 時30 分向公眾開放。,"該處有兩幅休憩空間,面積分別約為 (休憩空間-1) 920 平方米及 (休憩空間-2) 490 平方米。休憩空間-1位於地面,可由丹拿道前往。休憩空間-2毗鄰丹拿花園3 座,可由丹拿道經梯級前往。",港島東區地政處,Open Space-1 is open to the public at alltimes. Open Space-2 is open to the public from 05:30 a.m. to 06:30 p.m. daily.,Barrier-free-access facilities not available,Sheltered seating not available,共有業權,東區,1410,EASTERN,838871.0
Multiple Ownership,"12 Tung Chung Waterfront Road, Tung Chung",27400,提供無障礙通道設施,位於政府土地,藍天海岸,Coastal Skyline,On government land,817009.0,東涌海濱路12號,vObUnHWjBU,提供有蓋座位,"It is at ground level and podium level. It is accessible from Wai Tung Road, Tung Chung Waterfront Road and Yi Tung Road.","District Lands Office, Islands",全日向公眾開放,"位於地面及平台,可由惠東路、東涌海濱路及怡東路前往。",離島地政處,Opening to the public at all times,Barrier-free-access facilities available,Sheltered seating available,共有業權,離島,27400,ISLANDS,812280.0
Multiple Ownership,Lantau,50000,無障礙通道設施不適用,N.A.,愉景灣,Discovery Bay,N.A.,818459.0,大嶼山,zrGnJLWLRd,沒有提供有蓋座位,It is at ground level and accessible from Siena Avenue.,"District Lands Office, Islands",全日向公眾開放,"位於地面,可由海澄湖畔路前往。",離島地政處,Opening to the public at all times,Barrier-free-access facilities not applicable,Sheltered seating not available,共有業權,離島,50000,ISLANDS,819311.0
Multiple Ownership,8 Laguna Verde Avenue,13000,提供無障礙通道設施,N.A.,海逸豪園,Laguna Verde,N.A.,818888.0,海逸道8號,xNUH3RSXrG,沒有提供有蓋座位,"It is at ground level and is accessible from Dyer Avenue, Laguna Verde Avenue and Tai Wan Road East.","DISTRICT LANDS OFFICE, KOWLOON WEST",全日向公眾開放,"位於地面,可由戴亞街、海逸道及大環道東前往。",九龍西區地政處,Opening to the public at all times,Barrier-free-access facilities available,Sheltered seating not available,共有業權,九龍城,13000,KOWLOON CITY,837847.0
Multiple Ownership,8 Hung Lai Road,2700,提供無障礙通道設施,N.A.,半島豪庭,Royal Peninsula,N.A.,818474.0,紅荔道8號,NTuztF7TjF,沒有提供有蓋座位,It is at ground level and upper mezzanine floor and is accessible from Hung Ling Street.,"DISTRICT LANDS OFFICE, KOWLOON WEST",全日向公眾開放,"位於地面和閣樓高層,可由紅菱街前往。",九龍西區地政處,Opening to the public at all times,Barrier-free-access facilities available,Sheltered seating not available,共有業權,九龍城,2700,KOWLOON CITY,837051.0
Multiple Ownership,"3 Greig Road, Quarry Bay",1271,沒有提供無障礙通道設施,位於政府土地,逸樺園,The Orchards,On government land,816118.0,鰂魚涌基利路3號,kch8cwI0Yc,沒有提供有蓋座位,It is at ground level and accessible from Greig Road.,"District Lands Office, Hong Kong East",全日向公眾開放,"位於地面,可由基利路前往。",港島東區地政處,Opening to the public at all times,Barrier-free-access facilities not available,Sheltered seating not available,共有業權,東區,1271,EASTERN,840064.0
Multiple Ownership,15-43 Braemar Hill Road,25300,沒有提供無障礙通道設施,N.A.,賽西湖大廈,Braemar Hill Mansions,N.A.,816389.0,北角寶馬山道15-43號,s9AYvKbPy2,沒有提供有蓋座位,It is at ground level and is accessible from Braemar Hill Road.,"District Lands Office, Hong Kong East",每天上午6時至晚上7時向公眾開放。,"位於地面,可由寶馬山道前往。",港島東區地政處,It is open to the public from 6:00 a.m. to 7:00 p.m. daily.,Barrier-free-access facilities not available,Sheltered seating not available,共有業權,東區,25300,EASTERN,838843.0
Multiple Ownership,99 Pau Chung Street / 33 Ma Tau Kok Road,1800,沒有提供無障礙通道設施,N.A.,欣榮花園,Jubilant Place,N.A.,820261.0,炮仗街99號/ 馬頭角道33號,DYRXO5tYeT,沒有提供有蓋座位,It is at ground level and is accessible from Pau Chung Street.,"DISTRICT LANDS OFFICE, KOWLOON WEST",每天上午6時至晚上10時向公眾開放。,"位於地面,可由炮仗街前往。",九龍西區地政處,It is open to the public from 06:00 a.m. to 10:00 p.m. daily.,Barrier-free-access facilities not available,Sheltered seating not available,共有業權,九龍城,1800,KOWLOON CITY,837570.0
Multiple Ownership,88 Queensway,696,提供無障礙通道設施,位於政府土地,太古廣場一及二期(休憩空間-2),Pacific Place Phases I & II (Open Space -2),On government land,815330.0,金鐘道88號,VwVpEMzwpZ,沒有提供有蓋座位,It is at ground level and is accessible from Justice Drive.,"District Lands Office, Hong Kong West and South",全日向公眾開放,"位於地面,可由正義道前往。",港島西及南區地政處,Opening to the public at all times,Barrier-free-access facilities available,Sheltered seating not available,共有業權,中西區,696,CENTRAL & WESTERN,835120.0
Multiple Ownership,8 First Street,700,提供無障礙通道設施,N.A.,縉城峰,Island Crest,N.A.,816370.0,第一街8號,HS5Ayxpwou,沒有提供有蓋座位,It is at ground level and is accessible from First Street and Second Street.,"District Lands Office, Hong Kong West and South",全日向公眾開放,"位於地面,可由第一街及第二街前往。",港島西及南區地政處,Opening to the public at all times,Barrier-free-access facilities available,Sheltered seating not available,共有業權,中西區,700,CENTRAL & WESTERN,832767.0
Multiple Ownership,"510 King’s Road, North Point",625,沒有提供無障礙通道設施,N.A.,港運城,Island Place,N.A.,816949.0,北角英皇道510號,6QafpsdpgT,沒有提供有蓋座位,It is at ground level and is accessible from King's Road.,"District Lands Office, Hong Kong East",全日向公眾開放,"位於地面,可由英皇道前往。",港島東區地政處,Opening to the public at all times,Barrier-free-access facilities not available,Sheltered seating not available,共有業權,東區,625,EASTERN,838939.0
Multiple Ownership,399 Castle Peak Road,150.016,無障礙通道設施不適用,N.A.,喜薈,Heya Crystal,N.A.,822272.0,青山道399號,N6ZEMY1ILJ,沒有提供有蓋座位,It is at ground level and is accessible from Castle Peak Road.,"DISTRICT LANDS OFFICE, KOWLOON WEST",全日向公眾開放,"位於地面,可由青山道前往。",九龍西區地政處,Opening to the public at all times,Barrier-free-access facilities not applicable,Sheltered seating not available,共有業權,深水埗,150.016,SHAM SHUI PO,833989.0
Single Ownership,19 WANG CHIU ROAD,"4,400",無障礙通道設施不適用,位於私人及政府土地上。,金利豐國際中心,Kingston International Centre,On private land and Government land.,820515.0,宏照道 19號,dcwypwEZPS,沒有提供有蓋座位,"It is on ground level and is accessible from Lam Lee Street, Wang Chiu Road and Wang Tai Road.","DISTRICT LANDS OFFICE, KOWLOON EAST",全日向公眾開放,位於地面，可由臨利街，宏照道及宏泰道前往。,九龍東區地政處,Opening to the public at all times,Barrier-free-access facilities not applicable,Sheltered seating not available,單一業權,觀塘,"4,400",KWUN TONG,839678.0
Single Ownership,60 Wyndham Street,700,沒有提供無障礙通道設施,N.A.,中央廣場 (休憩空間-1),The Centrium (Open Space-1),N.A.,815727.0,雲咸街60號,2uIlMQjKcP,沒有提供有蓋座位,"It is at G/F, UG/F and 1/F and is accessible from Wyndham Street and Arbuthnot Road.","District Lands Office, Hong Kong West and South",全日向公眾開放,"位於地面、地下高層及1樓,可由雲咸街及亞畢諾道前往。",港島西及南區地政處,Opening to the public at all times,Barrier-free-access facilities not available,Sheltered seating not available,單一業權,中西區,700,CENTRAL & WESTERN,833982.0
Single Ownership,6001 Tai Po Road -Sha Tin,80000,提供無障礙通道設施,N.A.,沙田馬場,Sha Tin Racecourse,N.A.,828945.0,大埔公路-沙田段6001號,2IremHmHp0,提供有蓋座位,Penfold Park - accessible from Tai Po Road - Sha Tin or the footbridge to/from Jubilee Garden.,"District Lands Office, Sha Tin",(1) 夏季時段 (5月份至9月份) 日間賽馬日 : 上午9時至上午11時30分 夜間賽馬日: 上午9時至下午5時非賽馬日 : 上午9時** 至下午7時30分 (2) 冬季時段 (10月份至4月份) 日間賽馬日 : 上午9時至上午11時30分 夜間賽馬日: 上午9時至下午5時 非賽馬日 : 上午9時** 至下午6時3 0分 (**除星期二和星期五由上午9時30分開放。),彭福公園 - 可由大埔公路-沙田段或由通往銀禧花園的行人天橋前往。,沙田地政處,(1) Summer Time (May to September) Sha Tin Day Race : 09:00 a.m. to 11:30 a.m. Sha Tin Night Race : 09:00 a.m. to 05:00 p.m. Non-racedays : 09:00 a.m.** to 07:30 p.m. (2) Winter Time (October to April) Sha Tin Day Race : 09:00 a.m. to 11:30 a.m. Sha Tin Night Race : 09:00 a.m. to 05:00 p.m. Non-racedays : 09:00 a.m.** to 06:30 p.m. (**Except opening at 09:30 a.m. on Tue & Fri.),Barrier-free-access facilities available,Sheltered seating available,單一業權,沙田,80000,SHA TIN,839283.0
Multiple Ownership,"200 Queen’s Road East, Wan Chai",3321,提供無障礙通道設施,N.A.,囍匯,The Avenue,N.A.,815206.0,灣仔皇后大道東200號,NovYPC7Qo7,沒有提供有蓋座位,"It is at ground level and 5/F. It is accessible from Amoy Street, Spring Garden Lane, Johnston Road or Queen's Road East and via lift / staircase from ground level of the development.","District Lands Office, Hong Kong East","地下全日向公眾開放,五樓於每天上午 8 時至晚上 9 時向公眾開放。","位於地下及五樓,可由廈門街、春園街、莊士敦道或皇后大道東及發展項目地下的電梯/樓梯前往。",港島東區地政處,Ground level is open to the public at all times. 5/F is open to the public from 08:00 a.m. to 09:00 p.m. daily.,Barrier-free-access facilities available,Sheltered seating not available,共有業權,灣仔,3321,WAN CHAI,835802.0
Multiple Ownership,138 Fuk Hang Tsuen Road,2900,提供無障礙通道設施,N.A.,綠怡居,Botania Villa,N.A.,830962.0,福亨村路138號,VRipA8qgIy,提供有蓋座位,It is at upper ground level and is accessible from Lam Tei Main Street.,"District Lands Office, Tuen Mun",每天上午6時至晚上7時向公眾開放。,"位於地下高層,可由藍地大街前往。",屯門地政處,It is open to the public from 06:00 a.m. to 07:00 p.m. daily.,Barrier-free-access facilities available,Sheltered seating available,共有業權,屯門,2900,TUEN MUN,816518.0
Single Ownership,18 Fu On Street,606,沒有提供無障礙通道設施,N.A.,富安街中華電力變電站,Fu On Street CLP Substation,N.A.,822017.0,富安街18號,6jHJKVLpKT,提供有蓋座位,It is at ground level and is accessible from Fu On Street.,"DISTRICT LANDS OFFICE, KOWLOON EAST",全日向公眾開放,"位於地面,可由富安街前往。",九龍東區地政處,Opening to the public at all times,Barrier-free-access facilities not available,Sheltered seating available,單一業權,九龍城,606,KOWLOON CITY,837078.0
Multiple Ownership,1 Austin Road West,17000,提供無障礙通道設施,N.A.,九龍站物業發展,Kowloon Station Development,N.A.,818506.0,柯士甸道西1號,Il9kuBvidV,沒有提供有蓋座位,They are at podium level and are accessible from MTR Kowloon Station.,"DISTRICT LANDS OFFICE, KOWLOON WEST",每天上午6時至晚上10時向公眾開放。,"位於平台,可由港鐵九龍站前往。",九龍西區地政處,They are open to the public from 06:00 a.m. to 10:00 p.m. daily.,Barrier-free-access facilities available,Sheltered seating not available,共有業權,油尖旺,17000,YAU TSIM MONG,834778.0
Multiple Ownership,1 Sham Mong Road,3900,沒有提供無障礙通道設施,N.A.,滙豐中心,HSBC Centre,N.A.,819972.0,深旺道1號,g7xk4CwBOA,沒有提供有蓋座位,It is at upper ground level and is accessible from Hoi King Street and Sham Mong Road or footbridges from Harbour Green and Olympic MTR Station.,"DISTRICT LANDS OFFICE, KOWLOON WEST",全日向公眾開放,"位於地下高層,可由海景街和深旺道或由君匯港及港鐵奧運站的行人天橋前往。",九龍西區地政處,Opening to the public at all times,Barrier-free-access facilities not available,Sheltered seating not available,共有業權,油尖旺,3900,YAU TSIM MONG,834610.0
Multiple Ownership,"20 Tat Tung Road, Tung Chung",13900,提供無障礙通道設施,N.A.,東薈城,Citygate,N.A.,816710.0,東涌達東路20號,VURgYu0zzD,提供有蓋座位,"It is at ground level, first level and third level. It is accessible from Tat Tung Road and Man Tung Road.","District Lands Office, Islands","位於地面的露天廣場,全日向公眾開放。位於一樓及三樓的休憩空間則每天上午7時至晚上10時向公眾開放。","位於地面、一樓及三樓,可由達東路及文東路前往。",離島地政處,The Town Square on ground level is open to the public at all times. The open space at first level and third level is open to the public from 07:00 a.m. to 10:00 p.m. daily.,Barrier-free-access facilities available,Sheltered seating available,共有業權,離島,13900,ISLANDS,811927.0
Single Ownership,"1-11 Mallory Street & 6-12 Burrows Street, Wan Chai",390,提供無障礙通道設施,N.A.,動漫基地,Comix Home Base,N.A.,815370.0,灣仔茂蘿街1-11號及巴路士街6-12號,fjlGOkV3UG,提供有蓋座位,It is at ground level and 3/F inclusive of 2 Elevated Walkways. It is accessible from Burrows Street and via lift / staircase from G/F of the development.,"District Lands Office, Hong Kong East",每天上午8時至晚上10時向公眾開放。,"位於地面及三樓連兩條行人天橋,可由巴路士街及發展項目地下的電梯/樓梯前往。",港島東區地政處,It is open to the public from 08:00 a.m. to 10:00 p.m. daily.,Barrier-free-access facilities available,Sheltered seating available,單一業權,灣仔,390,WAN CHAI,836236.0
Single Ownership,5 Hereford Road,1800,提供無障礙通道設施,N.A.,香港浸會大學傳理視藝大樓,Communication and Visual Arts Building of Hong Kong Baptist University,N.A.,821680.0,禧福道5號,bzVsAE2ESW,提供有蓋座位,It is at ground level and at the junction of Renfrew Road and Hereford Road.,"DISTRICT LANDS OFFICE, KOWLOON EAST",每天上午6時至晚上11時向公眾開放。,"位於地面,於聯福道及禧福道交界處。",九龍東區地政處,It is open to the public from 06:00 a.m. to 11:00 p.m. daily.,Barrier-free-access facilities available,Sheltered seating available,單一業權,九龍城,1800,KOWLOON CITY,836819.0
Multiple Ownership,18 Hoi Ting Road,8900,提供無障礙通道設施,N.A.,奧海城二期,Olympian City Two,N.A.,819567.0,海庭道18號,tTxh3U4FuU,沒有提供有蓋座位,It is at podium level and is accessible from Hoi Ting Road and Hoi Wang Road.,"DISTRICT LANDS OFFICE, KOWLOON WEST",每天上午6時至晚上10時向公眾開放。,"位於平台,可由海庭道及海泓道前往。",九龍西區地政處,It is open to the public from 06:00 a.m. to 10:00 p.m. daily.,Barrier-free-access facilities available,Sheltered seating not available,共有業權,油尖旺,8900,YAU TSIM MONG,834823.0
Single Ownership,"2 Cornwall Street, Kowloon Tong",593,沒有提供無障礙通道設施,N.A.,耶穌基督後期聖徒教會中國香港聖殿,The Church of Jesus Christ of Latter-Day Saints Hong Kong China Temple,N.A.,822357.0,九龍塘歌和老街2號,IJLbI2Q1nU,沒有提供有蓋座位,It is at ground level and is accessible from Cornwall Street.,"DISTRICT LANDS OFFICE, KOWLOON EAST",全日向公眾開放,"位於地面,可由歌和老街前往。",九龍東區地政處,Opening to the public at all times,Barrier-free-access facilities not available,Sheltered seating not available,單一業權,九龍城,593,KOWLOON CITY,836315.0
Multiple Ownership,"Sceneway Road, Lam Tin",4840,沒有提供無障礙通道設施,位於政府土地,匯景花園,Sceneway Garden,On government land,818438.0,藍田匯景道,GkrI1UByDJ,提供有蓋座位,"There are 2 parcels of open spaceand their respective sizes are about 2,600 m² and 2,240 m². It is at ground level and accessible from Sin Fat Road, Lei Yue Mun Road/Kai Tin Road.","DISTRICT LANDS OFFICE, KOWLOON EAST",每天上午7時至晚上11時向公眾開放。,"該處有兩幅休憩空間,面積分別約為2 600及2 240平方米。位於地面,可由茜發道、鯉魚門道及啟田道前往。",九龍東區地政處,It is open to the public from 07:00 a.m. to 11:00 p.m. daily.,Barrier-free-access facilities not available,Sheltered seating available,共有業權,觀塘,4840,KWUN TONG,842299.0
Multiple Ownership,"393, 395, 397 & 399 Un Chau Street, 500-502 Fuk Wing Street",150.431,無障礙通道設施不適用,N.A.,喜漾,Heya Aqua,N.A.,822214.0,"元州街 393, 395, 397 及399 號, 福榮街 500-502 號",5NHl0AhGwq,沒有提供有蓋座位,It is at ground level and is accessible from Un Chau Street.,"DISTRICT LANDS OFFICE, KOWLOON WEST",全日向公眾開放,"位於地面,可由元州街前往。",九龍西區地政處,Opening to the public at all times,Barrier-free-access facilities not applicable,Sheltered seating not available,共有業權,深水埗,150.431,SHAM SHUI PO,833956.0
Single Ownership,60 Wyndham Street,265,沒有提供無障礙通道設施,位於政府土地,中央廣場(休憩空間-2),The Centrium (Open Space -2),On government land,815785.0,雲咸街60號,c9Awmpdmat,沒有提供有蓋座位,It is at ground level and is accessible from Arbuthnot Road.,"District Lands Office, Hong Kong West and South",全日向公眾開放,"位於地面,可由亞畢諾道前往。",港島西及南區地政處,Opening to the public at all times,Barrier-free-access facilities not available,Sheltered seating not available,單一業權,中西區,265,CENTRAL & WESTERN,833980.0
Multiple Ownership,89 Pok Fu Lam Road /8 Belcher’s Street,3518,沒有提供無障礙通道設施,N.A.,寶翠園,The Belcher’s,N.A.,816279.0,薄扶林道89號/卑路乍街8號,tkMBHvwkW0,沒有提供有蓋座位,"It is at ground level and is accessible from Pok Fu Lam Road, South Lane and Belcher's Street.","District Lands Office, Hong Kong West and South",全日向公眾開放,"位於地面,可由薄扶林道、南里及卑路乍街前往。",港島西及南區地政處,Opening to the public at all times,Barrier-free-access facilities not available,Sheltered seating not available,共有業權,中西區,3518,CENTRAL & WESTERN,831861.0
Multiple Ownership,99 Queen’s Road Central,1500,提供無障礙通道設施,N.A.,中環中心,The Center,N.A.,816159.0,皇后大道中99號,iLcEyZaFaG,沒有提供有蓋座位,It is at ground level and is accessible from Queen's Road Central.,"District Lands Office, Hong Kong West and South",全日向公眾開放,"位於地面,可由皇后大道中前往。",港島西及南區地政處,Opening to the public at all times,Barrier-free-access facilities available,Sheltered seating not available,共有業權,中西區,1500,CENTRAL & WESTERN,833959.0
Multiple Ownership,"1 Li Chit Street, Wan Chai",250,無障礙通道設施不適用,N.A.,李節花園,Li Chit Garden,N.A.,815337.0,灣仔李節街1號,qonbHwDHBq,提供有蓋座位,It is at ground level and is accessible from Li Chit Street.,"District Lands Office, Hong Kong East",全日向公眾開放,"位於地面,可由李節街前往。",港島東區地政處,Opening to the public at all times,Barrier-free-access facilities not applicable,Sheltered seating available,共有業權,灣仔,250,WAN CHAI,835529.0
Multiple Ownership,"43-59 Queen’s Road East, Wan Chai",511,無障礙通道設施不適用,N.A.,東美中心,Dominion Centre,N.A.,815310.0,灣仔皇后大道東43-59 號,GSLKWFWL35,沒有提供有蓋座位,It is at ground level and is accessible from Queen's Road East.,"District Lands Office, Hong Kong East",全日向公眾開放,"位於地面,可由皇后大道東前往。",港島東區地政處,Opening to the public at all times,Barrier-free-access facilities not applicable,Sheltered seating not available,共有業權,灣仔,511,WAN CHAI,835443.0
Multiple Ownership,"Harbour View Street, Central",3400,提供無障礙通道設施,位於政府土地,香港站物業發展(休憩空間-2),Hong Kong Station Development (Open Space -2),On government land,816346.0,中環港景街,fCQ4WfUQYO,提供有蓋座位,It is at Podium Level 1.,"District Lands Office, Hong Kong West and South",全日向公眾開放,位於平台第1樓層。,港島西及南區地政處,Opening to the public at all times,Barrier-free-access facilities available,Sheltered seating available,共有業權,中西區,3400,CENTRAL & WESTERN,834186.0
Multiple Ownership,"9 Star Street, Wan Chai",1100,無障礙通道設施不適用,位於政府土地,星域軒,Starcrest,On government land,815323.0,灣仔星街9號,TkbDcqRtkX,沒有提供有蓋座位,It is at ground level and is accessible from Star Street or Monmouth Path.,"District Lands Office, Hong Kong East",全日向公眾開放,"位於地面,可由星街或萬茂里前往。",港島東區地政處,Opening to the public at all times,Barrier-free-access facilities not applicable,Sheltered seating not available,共有業權,灣仔,1100,WAN CHAI,835280.0
Single Ownership,9 Lung Wah Street,1130,提供無障礙通道設施,位於政府土地,香港大學賽馬會第三學生村(休憩空間-1),The University of Hong Kong Jockey Club Student Village III (Open Space - 1),On government land,815592.0,龍華街9號,Q3VMHagNeV,沒有提供有蓋座位,It is at ground level and is accessible from Smithfield.,"District Lands Office, Hong Kong West and South",每天早上7時至晚上9時30分開放。,"位於地面,可由士美菲路前往。",港島西及南區地政處,It is open to the public from 7:00 a.m. to 9:30 p.m. daily.,Barrier-free-access facilities available,Sheltered seating not available,單一業權,中西區,1130,CENTRAL & WESTERN,831413.0
Multiple Ownership,"2 Kin Tung Road, Tung Chung",19290,提供無障礙通道設施,位於政府土地,映灣園,Caribbean Coast,On government land,817190.0,東涌健東路 2號,VJGmaJXGrQ,提供有蓋座位,"It is at ground level and accessible from Man Tung Road, Ying Hei Road and Kin Tung Road.","District Lands Office, Islands",全日向公眾開放,"位於地面,可由文東路、迎禧路及健東路前往。",離島地政處,Opening to the public at all times,Barrier-free-access facilities available,Sheltered seating available,共有業權,離島,19290,ISLANDS,812659.0
Multiple Ownership,"1 Tuen Shing Street, 1 Tuen Shun Street, 3 Tuen Lung Street & 2 Tuen Yan Street",6000,提供無障礙通道設施,N.A.,屯門市廣場(第一期),Tuen Mun Town Plaza (Phase I),N.A.,828191.0,"屯盛街1號, 屯順街1號, 屯隆街3號及屯仁街2號",8IBl52iirt,沒有提供有蓋座位,It is at 4/F and is accessible from Tuen Lung Street and Tuen Wui Street.,"District Lands Office, Tuen Mun",每天上午7時至晚上7時向公眾開放。,"位於4樓,可由屯隆街及屯滙街前往。",屯門地政處,It is open to the public from 07:00 a.m. to 07:00 p.m. daily.,Barrier-free-access facilities available,Sheltered seating not available,共有業權,屯門,6000,TUEN MUN,815710.0
Single Ownership,18-22 Tak Fung Street,970,無障礙通道設施不適用,位於政府土地,海濱廣場一座、海濱廣場二座及九龍海逸君綽酒店,"One Harbour Front, Two Harbour Front and Harbour Grand Kowloon",On government land,818191.0,德豐街18 - 22號,4fSHvYlfIr,沒有提供有蓋座位,It is at ground level and is accessible from Tak Fung Street.,"DISTRICT LANDS OFFICE, KOWLOON WEST",全日向公眾開放,"位於地面,可由德豐街前往。",九龍西區地政處,Opening to the public at all times,Barrier-free-access facilities not applicable,Sheltered seating not available,單一業權,九龍城,970,KOWLOON CITY,837903.0
Multiple Ownership,"Clear Water Bay Road, Pak To Avenue",16200,沒有提供無障礙通道設施,N.A.,柏濤灣,The Portofino,N.A.,819007.0,清水灣道柏濤徑,KwNW7XcGs8,沒有提供有蓋座位,It is at ground level and is accessible from Pak To Avenue via a pedestrian walkway.,"District Lands Office, Sai Kung",全日向公眾開放,"位於地面,可由柏濤徑經行人通道的入口前往。",西貢地政處,Opening to the public at all times,Barrier-free-access facilities not available,Sheltered seating not available,共有業權,西貢,16200,SAI KUNG,848019.0
Multiple Ownership,339 Lai Chi Kok Road & 213 Yee Kuk Street,580,無障礙通道設施不適用,N.A.,丰滙,Trinity Towers,N.A.,821071.0,茘枝角道339號及醫局街213號,yoTuxKnG0h,沒有提供有蓋座位,"It is at ground level and is accessible from Kweilin Street, Yee Kuk Street and Lai Chi Kok Road.","DISTRICT LANDS OFFICE, KOWLOON WEST",全日向公眾開放,"位於地面,可由桂林街、醫局街及茘枝角道前往。",九龍西區地政處,Opening to the public at all times,Barrier-free-access facilities not applicable,Sheltered seating not available,共有業權,深水埗,580,SHAM SHUI PO,834485.0
Multiple Ownership,"28 Yat Sin Street, Wan Chai",92,沒有提供無障礙通道設施,N.A.,駿逸峰,The Morrison,N.A.,815419.0,灣仔日善街28號,K9QQ5Q2AfE,沒有提供有蓋座位,It is at ground level and is accessible from Yat Sin Street and Wing Ning Street.,"District Lands Office, Hong Kong East",全日向公眾開放,"位於地面,可由日善街及永寧街前往。",港島東區地政處,Opening to the public at all times,Barrier-free-access facilities not available,Sheltered seating not available,共有業權,灣仔,92,WAN CHAI,836542.0
Multiple Ownership,"1-2 Hing Tung Street, Tung Chung",9360,提供無障礙通道設施,位於政府土地,東堤灣畔,Tung Chung Crescent,On government land,816624.0,東涌興東街1-2號,4PRyRjklRh,沒有提供有蓋座位,It is at ground level and is adjoining to Tung Chung MTR Station.,"District Lands Office, Islands",全日向公眾開放,"位於地面,鄰近港鐵東涌站。",離島地政處,Opening to the public at all times,Barrier-free-access facilities available,Sheltered seating not available,共有業權,離島,9360,ISLANDS,811869.0
Multiple Ownership,18 Tsing Hoi Circuit,3000,無障礙通道設施不適用,N.A.,置樂花園,Chi Lok Fa Yuen,N.A.,827593.0,青海圍18號,ZjO79kOiNL,提供有蓋座位,It is at ground level and is accessible from Tsing Wui Street.,"District Lands Office, Tuen Mun",全日向公眾開放,"位於地面,可由青滙街前往。",屯門地政處,Opening to the public at all times,Barrier-free-access facilities not applicable,Sheltered seating available,共有業權,屯門,3000,TUEN MUN,815957.0
Multiple Ownership,Nos. 12-20 Kwai Yi Road,6400,沒有提供無障礙通道設施,N.A.,新葵芳花園,New Kwai Fong Gardens,N.A.,824201.0,葵義路12 - 20號,y0YtS2E7KJ,沒有提供有蓋座位,"It is at podium of New Kwai Fong Garden and the roof of Kwai Fong MTR Station, and is accessible from Kwai Yan Road and Kwai Yi Road.","District Lands Office, Tsuen Wan and Kwai Tsing",每天上午5時至晚上10時30分向公眾開放。,"位於新葵芳花園平台及葵芳港鐵站天台,可由葵仁路及葵義路前往。",荃灣葵青地政處,It is open to the public from 05:00 a.m. to 10:30 p.m. daily.,Barrier-free-access facilities not available,Sheltered seating not available,共有業權,葵青,6400,KWAI TSING,831225.0
Multiple Ownership,138 Yeung Uk Road,790,提供無障礙通道設施,N.A.,樂悠居,Indi Home,N.A.,825263.0,楊屋道138號,SsYzKbFj63,沒有提供有蓋座位,It is at ground level and is accessible from Yeung Uk Road.,"District Lands Office, Tsuen Wan and Kwai Tsing",全日向公眾開放,"位於地面,可由楊屋道前往。",荃灣葵青地政處,Opening to the public at all times,Barrier-free-access facilities available,Sheltered seating not available,共有業權,荃灣,790,TSUEN WAN,830221.0
Multiple Ownership,116-122 Yeung Uk Road,200,提供無障礙通道設施,N.A.,立坊,H Cube,N.A.,825273.0,楊屋道116-122號,Vux01RJgfP,沒有提供有蓋座位,It is at ground level and is accessible from Yeung Uk Road.,"District Lands Office, Tsuen Wan and Kwai Tsing",全日向公眾開放,"位於地面,可由楊屋道前往。",荃灣葵青地政處,Opening to the public at all times,Barrier-free-access facilities available,Sheltered seating not available,共有業權,荃灣,200,TSUEN WAN,830199.0
Multiple Ownership,"88 Yeung Uk Road, Tsuen Wan","1,300",提供無障礙通道設施,N.A.,映日灣,The Aurora,N.A.,825343.0,荃灣88號楊屋道,XZwe10CDRv,提供有蓋座位,Can access from Yeung Uk Road and Ma Tau Pa Road.,"DISTRICT LANDS OFFICE, TSUEN WAN AND KWAI TSING",由06:00-22:00對外開放。,可由楊屋道及馬頭壩道前往。,荃灣葵青地政處,Open from 06:00 to 22:00.,Barrier-free-access facilities available,Sheltered seating available,共有業權,荃灣,"1,300",TSUEN WAN,829905.0
Multiple Ownership,620 & 625 Castle Peak Road - Tsuen Wan,5680,提供無障礙通道設施,N.A.,麗城花園第二及三期,Belvedere Garden Phases II & III,N.A.,825897.0,青山公路–荃灣段620及625號,SQ8BSOpu00,沒有提供有蓋座位,It is at ground level and is accessible from Castle Peak Road.,"District Lands Office, Tsuen Wan and Kwai Tsing",全日向公眾開放,"位於地面,可由青山公路前往。",荃灣葵青地政處,Opening to the public at all times,Barrier-free-access facilities available,Sheltered seating not available,共有業權,荃灣,5680,TSUEN WAN,828578.0
Multiple Ownership,33 Castle Peak Road,6700,提供無障礙通道設施,N.A.,碧堤半島,Bellagio,N.A.,825249.0,青山公路33號,XRLi3ELmGM,提供有蓋座位,It is at ground level and accessible from Castle Peak Road.,"District Lands Office, Tsuen Wan and Kwai Tsing",每天上午6時至午夜12時向公眾開放。,"位於地面,可由青山公路前往。",荃灣葵青地政處,It is open to the public from 06:00 a.m. to 12:00 midnight daily.,Barrier-free-access facilities available,Sheltered seating available,共有業權,荃灣,6700,TSUEN WAN,824458.0
Multiple Ownership,1 Yeung Uk Road,3700,提供無障礙通道設施,N.A.,萬景峰,Vision City,N.A.,825651.0,楊屋道1號,9Aio3fYTTi,沒有提供有蓋座位,"It is at G/F, UG/F and 1/F and is accessible from Wo Tik Street and Sha Tsui Road.","District Lands Office, Tsuen Wan and Kwai Tsing",每天上午6時30分至晚上11時向公眾開放。,"位於地面、地下高層及1樓,可由禾笛街及沙嘴道前往。",荃灣葵青地政處,It is open to the public from 06:30 a.m. to 11:00 p.m. daily.,Barrier-free-access facilities available,Sheltered seating not available,共有業權,荃灣,3700,TSUEN WAN,829797.0
Multiple Ownership,9 Wah King Hill Road,10100,沒有提供無障礙通道設施,位於政府土地,華景山莊,Wonderland Villas,On government land,823842.0,華景山路9號,UJ9xQCi7hO,提供有蓋座位,It is at ground level and is accessible from Wah King Hill Road.,"District Lands Office, Tsuen Wan and Kwai Tsing",每天上午7時至下午6時向公眾開放。,"位於地面,可由華景山路前往。",荃灣葵青地政處,It is open to the public from 07:00 a.m. to 06:00 p.m. daily.,Barrier-free-access facilities not available,Sheltered seating available,共有業權,葵青,10100,KWAI TSING,832152.0
Multiple Ownership,Sai Ning Street,1300,提供無障礙通道設施,位於政府土地,傲翔灣畔,The Sail at Victoria,On government land,815815.0,西寧街,jhMnymnTFu,提供有蓋座位,It is at ground level and is accessible from Sai Ning Street and Victoria Road.,"District Lands Office, Hong Kong West and South",全日向公眾開放,"位於地面,可由西寧街及域多利道前往。",港島西及南區地政處,Opening to the public at all times,Barrier-free-access facilities available,Sheltered seating available,共有業權,中西區,1300,CENTRAL & WESTERN,830422.0
Multiple Ownership,88 Third Street,1300,提供無障礙通道設施,N.A.,星鑽,The Nova,N.A.,816285.0,第三街88號,s8ffQ1tfW0,沒有提供有蓋座位,It is at upper ground level and is accessible from Third Street and Centre Street.,"District Lands Office, Hong Kong West and South",全日向公眾開放,"位於地面高層,可由第三街及正街前往。",港島西及南區地政處,Opening to the public at all times,Barrier-free-access facilities available,Sheltered seating not available,共有業權,中西區,1300,CENTRAL & WESTERN,832613.0
"","Chung Mei Road, Tsing Yi",202,沒有提供無障礙通道設施,N.A.,青衣天后廟,Tsing Yi Tin Hau Temple,N.A.,823502.0,青衣涌美路,URlTAxmHSn,沒有提供有蓋座位,It is at ground level and is accessible from Chung Mei Road.,"District Lands Office, Tsuen Wan and Kwai Tsing",全日向公眾開放,"位於地面,可由涌美路前往。",荃灣葵青地政處,Opening to the public at all times,Barrier-free-access facilities not available,Sheltered seating not available,,葵青,202,KWAI TSING,829089.0
Multiple Ownership,"151-156 Tai Wo Hau Road, 166-174 Hing Fong Road",6000,沒有提供無障礙通道設施,N.A.,新葵興花園,Sun Kwai Hing Gardens,N.A.,824885.0,"大窩口路151 - 156號, 興芳路166 - 174號",n2WCjpvkum,沒有提供有蓋座位,It is at podium and the roof of Kwai Hing MTR Station and is from Tai Wo Hau Road.,"District Lands Office, Tsuen Wan and Kwai Tsing","除另行指明,全日向公眾開放。部份地方每天上午11時至晚上6時向公眾開放。","位於平台及葵興港鐵站天台,可由大窩口路前往。",荃灣葵青地政處,"Except otherwise specified, it is open to the public at all times. Part of the area is open to the public from 11:00 a.m. to 06:00 p.m. daily.",Barrier-free-access facilities not available,Sheltered seating not available,共有業權,葵青,6000,KWAI TSING,831562.0
Multiple Ownership,12 North Street,359,提供無障礙通道設施,部份休憩空間(約224平方米)位於政府土地。,采逸軒,La Maison Du Nord,Part of the Open Space (about 224 m²) is on government land.,816010.0,北街12號,Oc3bgN7x3G,提供有蓋座位,It is at ground level and podium on 1/F and is accessible from North Street.,"District Lands Office, Hong Kong West and South",全日向公眾開放,"位於地面及一樓平台,可由北街前往。",港島西及南區地政處,Opening to the public at all times,Barrier-free-access facilities available,Sheltered seating available,共有業權,中西區,359,CENTRAL & WESTERN,831317.0
Single Ownership,118 Peak Road,1500,提供無障礙通道設施,N.A.,山頂廣場,The Peak Galleria,N.A.,814554.0,山頂道118號,T5xqo0kixw,沒有提供有蓋座位,"It is at G/F, Level 1 and Level 2 and is accessible from Peak Road and Findlay Road through the ground level of The Peak Galleria.","District Lands Office, Hong Kong West and South",全日向公眾開放,"位於地面、第1樓層及第2樓層,可由山頂道及芬梨道經山頂廣場地面前往。",港島西及南區地政處,Opening to the public at all times,Barrier-free-access facilities available,Sheltered seating not available,單一業權,中西區,1500,CENTRAL & WESTERN,833507.0
Multiple Ownership,28 SHAM MONG ROAD,1000,提供無障礙通道設施,N.A.,匯璽,Cullinan West,N.A.,820864.0,深旺道28號,a2T5bCXG9G,沒有提供有蓋座位,N.A.,N.A.,全日向公眾開放,N.A.,N.A.,Opening to the public at all times,Barrier-free-access facilities available,Sheltered seating not available,共有業權,深水埗,1000,SHAM SHUI PO,833880.0
