ownershipEN,locationZH,relevantDistrictCouncilZH,nameZH,ownershipZH,locationEN,nameEN,relevantDistrictCouncilEN,items
Multiple Ownership,大嶼山愉景灣,離島,大嶼山愉景灣,共有業權,"Discovery Bay, Lantau","Discovery Bay, Lantau",ISLANDS,
Multiple Ownership,康城路 1號,西貢,日出康城,共有業權,1 LOHAS PARK ROAD,LOHAS Park,SAI KUNG,
Single Ownership,楊屋道 8號,荃灣,如心廣場,單一業權,8 YEUNG UK ROAD,Nina Tower,TSUEN WAN,
Single Ownership,常盛街 1 號,九龍城,香港都會大學,單一業權,1 Sheung Shing Street,Hong Kong Metropolitan University,KOWLOON CITY,
Single Ownership,漆咸道南181號,油尖旺,香港理工大學八期,單一業權,181 Chatham Road South,Phase 8 Development of the Hong Kong Polytechnic University,YAU TSIM MONG,
Multiple Ownership,屏柏里8號,元朗,南屏匯,共有業權,8 Ping Pak Lane,La Aldea,YUEN LONG,
Multiple Ownership,青山公路–荃灣段633號,荃灣,灣景花園,共有業權,633 Castle Peak Road - Tsuen Wan,Bayview Garden,TSUEN WAN,
Multiple Ownership,樂翠街9號,屯門,樂翠街9號,共有業權,9 LOK CHUI STREET,9 LOK CHUI STREET,TUEN MUN,
Multiple Ownership,皇后大道中99號,中西區,中環中心,共有業權,99 Queen's Road Central,The Center,CENTRAL & WESTERN,
Multiple Ownership,德輔道中199號,中西區,無限極廣場,共有業權,199 Des Voeux Road Central,Infinitus Plaza,CENTRAL & WESTERN,
Multiple Ownership,中環港景街,中西區,香港站物業發展,共有業權,"Harbour View Street, Central",Hong Kong Station Development,CENTRAL & WESTERN,
Multiple Ownership,康樂廣場8號,中西區,交易廣場,共有業權,8 Connaught Place,Exchange Square,CENTRAL & WESTERN,
Multiple Ownership,永樂街31 - 33號 / 皇后大道中181 - 183號,中西區,中遠大廈及新紀元廣場,共有業權,31 - 33 Wing Lok Street / 181 - 183 Queen's Road Central,Cosco Tower and Grand Millennium Plaza,CENTRAL & WESTERN,
Single Ownership,皇后大道中2號,中西區,長江集團中心,單一業權,2 Queen's Road Central,Cheung Kong Center,CENTRAL & WESTERN,
Multiple Ownership,花園道3號,中西區,花旗銀行廣場,共有業權,3 Garden Road,Citibank Plaza,CENTRAL & WESTERN,
Multiple Ownership,淺水灣道36號,南區,淺水灣道36號,共有業權,36 Repulse Bay Road,36 Repulse Bay Road,SOUTHERN,
Multiple Ownership,青山公路–荃灣段530 - 590號,荃灣,麗城花園第一期,共有業權,530 - 590 Castle Peak Road - Tsuen Wan,Belvedere Garden Phase 1,TSUEN WAN,
Single Ownership,淺水灣道87號,南區,淺水灣道87號,單一業權,87 Repulse Bay Road,87 Repulse Bay Road,SOUTHERN,
Single Ownership,舊山頂道9號,中西區,裕景花園,單一業權,9 Old Peak Road,Queen's Garden,CENTRAL & WESTERN,
Multiple Ownership,鴨脷洲北悅海街1 - 3號,南區,悅海華庭,共有業權,"1 - 3 Yuet Hoi Street, Ap Lei Chau North",Marina Habitat,SOUTHERN,
Multiple Ownership,淺水灣道3號,南區,淺水灣道3號,共有業權,3 Repulse Bay Road,3 Repulse Bay Road,SOUTHERN,
Single Ownership,淺水灣道75號,南區,淺水灣道75號,單一業權,75 Repulse Bay Road,75 Repulse Bay Road,SOUTHERN,
Multiple Ownership,淺水灣道82及86號,南區,淺水灣道82及86號,共有業權,82 and 86 Repulse Bay Road,The Beachside,SOUTHERN,
Multiple Ownership,香島道33號,南區,香島道33號,共有業權,33 Island Road,33 Island Road,SOUTHERN,
Single Ownership,"深水灣道35A, B, C, D及E號",南區,"深水灣道35A,B,C,D及E號",單一業權,"35A, B, C, D & E,Deep Water Bay Road","35A, B, C, D & E,Deep Water Bay Road",SOUTHERN,
Single Ownership,淺水灣道23號,南區,淺水灣道23號,單一業權,23 Repulse Bay Road,23 Repulse Bay Road,SOUTHERN,
Single Ownership,香島道43號,南區,香島道43號,單一業權,43 Island Road,43 Island Road,SOUTHERN,
Multiple Ownership,淺水灣道11號,南區,蔚峰園,共有業權,11 Repulse Bay Road,The Brentwood,SOUTHERN,
Multiple Ownership,淺水灣道93號,南區,寶晶苑,共有業權,93 Repulse Bay Road,Belleview Place,SOUTHERN,
Multiple Ownership,海洋公園道38號,南區,文麗雙築,共有業權,38 Ocean Park Road,Manly Villa,SOUTHERN,
Multiple Ownership,深水灣道39號,南區,深水灣道39號,共有業權,39 Deep Water Bay Road,39 Deep Water Bay Road,SOUTHERN,
Single Ownership,深水灣道66號,南區,深水灣道66號,單一業權,66 Deep Water Bay Road,66 Deep Water Bay Road,SOUTHERN,
Multiple Ownership,夏慤道18號,中西區,海富中心,共有業權,18 Harcourt Road,Admiralty Centre,CENTRAL & WESTERN,
Multiple Ownership,將軍澳唐德街 1 號,西貢,將軍澳廣場,共有業權,"1 Tong Tak Street, Tseung Kwan O",Tseung Kwan O Plaza,SAI KUNG,
Multiple Ownership,將軍澳唐德街 9 號,西貢,將軍澳豪庭,共有業權,9 Tong Tak Street Tseung Kwan O,Central Heights,SAI KUNG,
Multiple Ownership,鴨脷洲海怡路、利南道及怡南路,南區,海怡半島,共有業權,"South Horizon Drive, Lee Nam Road &,Yi Nam Road,Ap Lei Chau",South Horizons,SOUTHERN,
Single Ownership,山頂道128號,中西區,凌霄閣,單一業權,128 Peak Road,The Peak Tower,CENTRAL & WESTERN,
Single Ownership,山頂道118號,中西區,山頂廣場,單一業權,118 Peak Road,The Peak Galleria,CENTRAL & WESTERN,
Multiple Ownership,雅賓利道 1號,中西區,雅賓利,共有業權,"The Albany,1 Albany Road","The Albany,1 Albany Road",CENTRAL & WESTERN,
Multiple Ownership,東蘆山頂道74 - 76號,中西區,東蘆山頂道74-76號,共有業權,74 - 76 Peak Road,Orient Crest,CENTRAL & WESTERN,
Multiple Ownership,麥當勞道96號,中西區,寶樺臺,共有業權,96 MacDonnell Road,Birchwood Place,CENTRAL & WESTERN,
Single Ownership,寶雲道13號,中西區,寶雲道13號,單一業權,13 Bowen Road,Bowen's Lookout,CENTRAL & WESTERN,
Multiple Ownership,加列山道72號,中西區,加列山道72號,共有業權,72 Mount Kellett Road,72 Mount Kellett Road,CENTRAL & WESTERN,
Multiple Ownership,普樂道11號,中西區,普樂道11號,共有業權,11 Pollock's Path,11 Pollock's Path,CENTRAL & WESTERN,
Multiple Ownership,種植道56號,中西區,種植道56號,共有業權,56 Plantation Road,56 Plantation Road,CENTRAL & WESTERN,
Multiple Ownership,寶雲道11A號,中西區,寶雲閣,共有業權,11A Bowen Road,Bowen Place,CENTRAL & WESTERN,
Single Ownership,花園道51號,中西區,科達中心,單一業權,51 Garden Road,Coda Plaza,CENTRAL & WESTERN,
Multiple Ownership,寶雲道11B號,中西區,寶雲殿,共有業權,11B Bowen Road,Grand Bowen,CENTRAL & WESTERN,
Multiple Ownership,加列山道71號,中西區,加列山道71號,共有業權,71 Mount Kellett Road,Kelletteria,CENTRAL & WESTERN,
Multiple Ownership,碧沙路 15號,西貢,碧沙路 15 號,共有業權,15 PIK SHA ROAD,15 PIK SHA ROAD,SAI KUNG,
Multiple Ownership,樂翠街 23號,屯門,樂翠街 23號,共有業權,23 Lok Chui Street,23 Lok Chui Street,TUEN MUN,
Multiple Ownership,馬鞍山西沙路608號,沙田,海栢花園,共有業權,"608 Sai Sha Road,Ma On Shan",Bayshore Towers,SHA TIN,
Multiple Ownership,麗坪路23號,沙田,富豪山峰,共有業權,23 Lai Ping Road,Mount Regalia,SHA TIN,
Multiple Ownership,石角路6號,西貢,峻瀅II,共有業權,6 SHEK KOK ROAD,The Beaumount II,SAI KUNG,
Single Ownership,大嶼山長沙 長富街22號,離島,大嶼山長沙長富街22號,單一業權,"22 Cheung Fu Street,Cheung Sha, Lantau","22 Cheung Fu Street,Cheung Sha, Lantau",ISLANDS,
Multiple Ownership,大嶼山長沙 長富街11號,離島,蝶崗,共有業權,"11 Cheung Fu Street, Cheung Sha, Lantau",Butterfly Crest,ISLANDS,
Multiple Ownership,大嶼山長沙 長富街3號,離島,Botanica Bay,共有業權,"3 Cheung Fu Street, Cheung Sha, Lantau",Botanica Bay,ISLANDS,
Multiple Ownership,大嶼山長沙 長富街19號,離島,浪濤花園,共有業權,"19 Cheung Fu Street,Cheung Sha, Lantau",Beach View,ISLANDS,
Multiple Ownership,大嶼山二浪灣,離島,澄碧邨,共有業權,"Yi Long Wan, Lantau",The Sea Ranch,ISLANDS,
Multiple Ownership,大嶼山長沙 長富街21及23號,離島,瑞士花園,共有業權,"21 & 23 Cheung Fu Street, Cheung Sha, Lantau",Swiss Garden,ISLANDS,
Multiple Ownership,大嶼山長沙嶼南道160號,離島,Whitesands,共有業權,"160 South Lantau Road, Cheung Sha, Lantau",Whitesands,ISLANDS,
Multiple Ownership,大嶼山長沙 長富街15號,離島,浪琴軒,共有業權,"15 Cheung Fu Street,Cheung Sha, Lantau",Long Green,ISLANDS,
Multiple Ownership,大嶼山長沙 長富街33號,離島,大嶼山長沙長富街33號,共有業權,"33 Cheung Fu Street,Cheung Sha, Lantau",Silver Shore Villa,ISLANDS,
Single Ownership,大嶼山長沙 長富街2號,離島,大嶼山長沙長富街2號,單一業權,"2 Cheung Fu Street,Cheung Sha, Lantau","2 Cheung Fu Street,Cheung Sha, Lantau",ISLANDS,
Single Ownership,大嶼山長沙 長富街28號,離島,美雅花園,單一業權,"28 Cheung Fu Street, Cheung Sha, Lantau",Miami Garden,ISLANDS,
Single Ownership,大嶼山長沙 長富街10 – 20號,離島,寶雅花園,單一業權,"10-20 Cheung Fu Street, Cheung Sha, Lantau",Bahama Garden,ISLANDS,
Multiple Ownership,大嶼山長沙 長富街17號,離島,浪怡軒,共有業權,"17 Cheung Fu Street,Cheung Sha, Lantau",Long Breeze,ISLANDS,
Multiple Ownership,大嶼山長沙 長富街26號,離島,長富花園,共有業權,"26 Cheung Fu Street,Cheung Sha, Lantau",Cheung Fu Villa,ISLANDS,
Multiple Ownership,大嶼山長沙 長富街6 – 8號,離島,長沙別墅,共有業權,"6-8 Cheung Fu Street, Cheung Sha, Lantau",Cheung Sha Villa,ISLANDS,
Single Ownership,白鶴汀街8 - 18號,沙田,新城市商業大厦及帝都酒店,單一業權,8 - 18 Pak Hok Ting Street,New Town Tower & Royal Park Hotel,SHA TIN,
Multiple Ownership,沙田正街2 - 8號,沙田,新城市廣場(第三期),共有業權,2 - 8 Sha Tin Centre Street,New Town Plaza (Phase III),SHA TIN,
Multiple Ownership,將軍澳唐德街 9 號,西貢,將軍澳中心,共有業權,"9 Tong Tak Street, Tseung Kwan O",Park Central,SAI KUNG,
Multiple Ownership,將軍澳唐俊街9號,西貢,君傲灣,共有業權,"9 Tong Chun Street, Tseung Kwan O",The Grandiose,SAI KUNG,
N.A.,薄扶林道89號 / 卑路乍街8號,中西區,寶翠園,N.A.,89 Pok Fu Lam Road / 8 Belcher's Street,The Belcher's,CENTRAL & WESTERN,
Multiple Ownership,新街市街8號,中西區,康威花園,共有業權,8 New Market Street,Hongway Garden,CENTRAL & WESTERN,
Multiple Ownership,堅尼地城新海傍,中西區,泓都,共有業權,"New Praya, Kennedy Town",The Merton,CENTRAL & WESTERN,
Multiple Ownership,樂古道3號,中西區,麗雅苑,共有業權,3 Lok Ku Road,Lascar Court,CENTRAL & WESTERN,
Multiple Ownership,德輔道中257號,中西區,錦甡大廈,共有業權,257 Des Voeux Road Central,Kam Sang Building,CENTRAL & WESTERN,
Single Ownership,淺水灣道81號,南區,淺水灣道81號,單一業權,81 Repulse Bay Road,81 Repulse Bay Road,SOUTHERN,
Multiple Ownership,香島道40號,南區,香島道40號,共有業權,40 Island Road,Island Grove,SOUTHERN,
Multiple Ownership,淺水灣道117號,南區,淺水灣道117號,共有業權,117 Repulse Bay Road,Grosvenor Place,SOUTHERN,
Multiple Ownership,深水灣道51 - 55號,南區,深水灣道51-55號,共有業權,51 - 55 Deep Water Bay Road,51 - 55 Deep Water Bay Road,SOUTHERN,
Multiple Ownership,香島道45及47號,南區,香島道45及47號,共有業權,45 & 47 Island Road,45 & 47 Island Road,SOUTHERN,
Single Ownership,淺水灣道79號,南區,淺水灣道79號,單一業權,79 Repulse Bay Road,79 Repulse Bay Road,SOUTHERN,
Multiple Ownership,深灣道3號,南區,南濤閣,共有業權,3 Shum Wan Road,South Wave Court,SOUTHERN,
Multiple Ownership,業興街11號,南區,南滙廣場,共有業權,11 Yip Hing Street,Southmark,SOUTHERN,
Multiple Ownership,香港仔大道201號,南區,珍寶大廈,共有業權,"201 Aberdeen Main Road, Hong Kong",Jumbo Building,SOUTHERN,
Multiple Ownership,香港仔海傍道,南區,逸港居,共有業權,Aberdeen Praya Road,Ocean Court,SOUTHERN,
Multiple Ownership,深灣道11號,南區,雅濤閣,共有業權,11 Shum Wan Road,Broadview Court,SOUTHERN,
Multiple Ownership,薄扶林鋼線灣,南區,數碼港發展,共有業權,"Telegraph Bay, Pokfulam",Cyberport Development,SOUTHERN,
Multiple Ownership,早禾坑,西貢,西貢早禾坑丈量約份第252約地段第243號,共有業權,Tso Wo Hang,"DD 252 Lot No. 243,Tso Wo Hang, Sai Kung",SAI KUNG,
Single Ownership,大潭道9號,南區,君誠閣,單一業權,9 Tai Tam Road,Majestic Court,SOUTHERN,
Multiple Ownership,南灣道59號,南區,南灣大廈,共有業權,59 South Bay Road,South Bay Towers,SOUTHERN,
Multiple Ownership,赤柱灘道8A號,南區,赤柱灘道8A號,共有業權,8A Stanley Beach Road,8A Stanley Beach Road,SOUTHERN,
Single Ownership,赤柱村道28號,南區,赤柱村道28號,單一業權,28 Stanley Village Road,28 Stanley Village Road,SOUTHERN,
Single Ownership,東頭灣道23號,南區,東頭灣道23號,單一業權,23 Tung Tau Wan Road,23 Tung Tau Wan Road,SOUTHERN,
Single Ownership,石澳山仔道15號,南區,石澳山仔道15號,單一業權,15 Shek O Headland Road,15 Shek O Headland Road,SOUTHERN,
Multiple Ownership,葵涌葵義路12 - 20號,葵青,新葵芳花園,共有業權,"Nos. 12 - 20 Kwai Yi Road, Kwai Chung",New Kwai Fong Gardens,KWAI TSING,
Multiple Ownership,沐寧街 10號,九龍城,Oasis Kai Tak,共有業權,10 MUK NING STREET,Oasis Kai Tak,KOWLOON CITY,
Multiple Ownership,葵涌興芳路223號,葵青,新都會廣場,共有業權,"No. 223 Hing Fong Road, Kwai Chung",Metroplaza,KWAI TSING,
Multiple Ownership,紅棉路8號,中西區,東昌大廈,共有業權,8 Cotton Tree Drive,Fairmont House,CENTRAL & WESTERN,
Single Ownership,德輔道中83號,中西區,恒生銀行總行大廈,單一業權,83 Des Voeux Road Central,Hang Seng Bank Headquarters,CENTRAL & WESTERN,
Multiple Ownership,金鐘道89號,中西區,力寶中心,共有業權,89 Queensway,Lippo Centre,CENTRAL & WESTERN,
Multiple Ownership,紅山道88號,南區,玫瑰園,共有業權,88 Red Hill Road,Villa Rosa,SOUTHERN,
Multiple Ownership,青衣楓樹窩路1號,葵青,翠怡花園,共有業權,"1 Fung Shue Wo Road, Tsing Yi",Greenfield Garden,KWAI TSING,
Single Ownership,葵涌永基路35號,葵青,嘉里溫控貨倉2,單一業權,"35 Wing Kei Road,Kwai Chung",Kerry TC Warehouse 2,KWAI TSING,
Multiple Ownership,青山公路汀九段 218 - 240號,荃灣,新麗苑,共有業權,218 - 240 Castle Peak Road - Ting Kau,Sunny Villa,TSUEN WAN,
Multiple Ownership,青山公路–汀九段 242號,荃灣,疊翠苑,共有業權,242 Castle Peak Road - Ting Kau,Keymount Lodge,TSUEN WAN,
Multiple Ownership,青山公路–荃灣段620及625號,荃灣,麗城花園第二及三期,共有業權,620 & 625 Castle Peak Road - Tsuen Wan,Belvedere Garden Phases II & III,TSUEN WAN,
Multiple Ownership,荃灣汀九青山公路 380 號,荃灣,星岸,共有業權,"380 Castle Peak Road, Ting Kau, Tsuen Wan",Deauville,TSUEN WAN,
Single Ownership,深井青山公路48號,荃灣,陳記商業中心,單一業權,"48 Castle Peak Road, Sham Tseng",Chan Kee Commercial Centre,TSUEN WAN,
Multiple Ownership,青山公路38號,荃灣,海韻花園,共有業權,38 Castle Peak Road,Rhine Garden,TSUEN WAN,
Multiple Ownership,國瑞路168號,荃灣,縉庭山,共有業權,168 Kwok Shui Road,Primrose Hill,TSUEN WAN,
N.A.,西樓角路218 - 220號 及青山公路 – 荃灣段90 - 92號,荃灣,豪輝花園第1座,N.A.,"218 - 220 Sai Lau Kok Road & 90 - 92 Castle Peak Road, Tsuen Wan",Ho Fai Garden Block 1,TSUEN WAN,
Multiple Ownership,青衣寮肚路3號,葵青,曉峰園,共有業權,"3 Liu To Road,Tsing Yi",Mount Haven,KWAI TSING,
Multiple Ownership,青敬路33號,葵青,盈翠半島青衣城青衣機鐵站,共有業權,33 Tsing King Road,"Tierra Verde, Maritime Square, Tsing Yi Station",KWAI TSING,
Multiple Ownership,青衣青綠街7 - 19號,葵青,青怡花園,共有業權,"7 - 19 Tsing Luk Street, Tsing Yi",Tsing Yi Garden,KWAI TSING,
Multiple Ownership,青衣青敬路75號,葵青,宏福花園,共有業權,"75 Tsing King Road, Tsing Yi",Tivoli Garden,KWAI TSING,
Multiple Ownership,青衣青敬路77號,葵青,海悅花園,共有業權,"77 Tsing King Road, Tsing Yi",Serene Garden,KWAI TSING,
Multiple Ownership,孖峰嶺路23號,元朗,翠峰,共有業權,23 Ma Fung Ling Road,Green Lodge,YUEN LONG,
Multiple Ownership,青山公路128號,元朗,朗逸豪園,共有業權,128 Castle Peak Road,Villa Sunshine,YUEN LONG,
Multiple Ownership,屏健里8號,元朗,尚悅‧天城,共有業權,8 Ping Kin Lane,The Hampstead Reach,YUEN LONG,
Multiple Ownership,屏葵路28號,元朗,娉廷,共有業權,28 Ping Kwai Road,La Mansion,YUEN LONG,
Multiple Ownership,蕙荃路22 - 66號,荃灣,綠楊新邨,共有業權,22 - 66 Wai Tsuen Road,Luk Yeung Sun Chuen,TSUEN WAN,
Multiple Ownership,香港新界荃灣區荃灣大河道100號,荃灣,海之戀,共有業權,"100 Tai Ho Road, Tsuen Wan",Ocean Pride,TSUEN WAN,
Multiple Ownership,楊屋道18號,荃灣,御凱,共有業權,18 Yeung Uk Road,The Dynasty,TSUEN WAN,
Multiple Ownership,荃灣楊屋道88號,荃灣,映日灣,共有業權,"88 Yeung Uk Road, Tsuen Wan",The Aurora,TSUEN WAN,
Multiple Ownership,西樓角路222 - 224號及青山公路 – 荃灣段90 - 92號,荃灣,豪輝花園第2座,共有業權,"222 - 224 Sai Lau Kok Road & 90 – 92 Castle Peak Road, Tsuen Wan",Ho Fai Garden Block 2,TSUEN WAN,
Multiple Ownership,西樓角路186 - 216號,荃灣,荃昌中心昌寧大廈,共有業權,186 - 216 Sai Lau Kok Road,Tsuen Cheong Centre Cheong Ning Building,TSUEN WAN,
Multiple Ownership,西樓角路170 - 184號,荃灣,華都中心,共有業權,170 - 184 Sai Lau Kok Road,Waldorf Centre,TSUEN WAN,
Multiple Ownership,西樓角路186 - 216號,荃灣,荃昌中心昌安大廈,共有業權,186 - 216 Sai Lau Kok Road,Tsuen Cheong Centre Cheong On Building,TSUEN WAN,
Multiple Ownership,西樓角路138 - 168號 青山公路 – 荃灣段 144 - 172號,荃灣,荃豐中心,共有業權,"138 - 168 Sai Lau Kok Road and ,144 - 172 Castle Peak Road",Tsuen Fung Centre,TSUEN WAN,
Multiple Ownership,青山公路荃灣段 328 - 350號,荃灣,荃錦中心,共有業權,"328 - 350 Castle Peak Road, Tsuen Wan",Tsuen Kam Centre,TSUEN WAN,
Multiple Ownership,"怡樂街1 - 9, 2 - 12號 怡康街1 - 7, 2 - 12號",荃灣,海濱花園,共有業權,"1 - 9, 2 - 12 Yi Lok Street,1 - 7, 2 - 12 Yi Hong Street",Riviera Garden,TSUEN WAN,
Single Ownership,"悠麗路8號,油柑頭",荃灣,錦柏豪苑,單一業權,"8 Yau Lai Road,Yau Kom Tau",Grandview Villa,TSUEN WAN,
Multiple Ownership,街市街67 - 95號,荃灣,荃灣千色匯II,共有業權,67 - 95 Tsuen Wan Market Street,KOLOUR Tsuen Wan II,TSUEN WAN,
Multiple Ownership,楊屋道1號,荃灣,萬景峰,共有業權,1 Yeung Uk Road,Vision City,TSUEN WAN,
Single Ownership,青山公路汀九段368號,荃灣,金臻,單一業權,"368 Castle Peak Road, Ting Kau, Tsuen Wan",Grand Riviera,TSUEN WAN,
Multiple Ownership,深井青山公路6號,荃灣,黃金花園,共有業權,"6 Castle Peak Road, Sham Tseng, Tsuen Wan",Golden Villa,TSUEN WAN,
Multiple Ownership,青龍頭青山公路 18號A,荃灣,海雲軒,共有業權,"18A Castle Peak Road, Tsing Lung Tau",Anglers' Bay,TSUEN WAN,
Multiple Ownership,青龍頭青山公路18號,荃灣,浪翠園2期,共有業權,"18 Castle Peak Road, Tsing Lung Tau",Sea Crest Villa Phase 2,TSUEN WAN,
Multiple Ownership,楊屋道116 - 122號,荃灣,立坊,共有業權,116 - 122 Yeung Uk Road,H Cube,TSUEN WAN,
Multiple Ownership,楊屋道138號,荃灣,樂悠居,共有業權,138 Yeung Uk Road,Indi Home,TSUEN WAN,
Multiple Ownership,楊屋道100號,荃灣,爵悅庭,共有業權,100 Yeung Uk Road,Chelsea Court,TSUEN WAN,
Single Ownership,青山公路–汀九段 123號,荃灣,汀蘭居,單一業權,"123 Castle Peak Road,Ting Kau",The Bay Bridge,TSUEN WAN,
Multiple Ownership,沙咀道363號,荃灣,名逸居,共有業權,363 Sha Tsui Road,New Haven,TSUEN WAN,
Multiple Ownership,青山公路荃灣段 185 - 187號,荃灣,荃勝大厦,共有業權,"185 - 187 Castle Peak Road, Tsuen Wan",Victory Court,TSUEN WAN,
Multiple Ownership,青山公路33號,荃灣,碧堤半島,共有業權,33 Castle Peak Road,Bellagio,TSUEN WAN,
Multiple Ownership,深慈街8號,荃灣,縉皇居,共有業權,8 Sham Tsz Street,Ocean Pointe,TSUEN WAN,
Multiple Ownership,永順街 48 號,荃灣,環宇海灣,共有業權,48 Wing Shun Street,City Point,TSUEN WAN,
Multiple Ownership,青山公路荃灣段 201 - 207號,荃灣,新青大厦,共有業權,"201 - 207 Castle Peak Road, Tsuen Wan",Sin Ching Building,TSUEN WAN,
Multiple Ownership,眾安街57 - 63號及 沙咀道282 - 284號,荃灣,周氏商業中心,共有業權,57 - 63 Chung On Street & 282 - 284 Sha Tsui Road,Chau's Commercial Centre,TSUEN WAN,
Multiple Ownership,青山公路荃灣段189號,荃灣,百萬行,共有業權,"189 Castle Peak Road, Tsuen Wan",Park Tsuen Commercial Building,TSUEN WAN,
Multiple Ownership,青山公路398號,荃灣,愉景新城,共有業權,398 Castle Peak Road,Discovery Park,TSUEN WAN,
Multiple Ownership,海盛路22 - 30號,荃灣,祈德尊新邨,共有業權,22 - 30 Hoi Shing Road,Clague Garden Estate,TSUEN WAN,
Multiple Ownership,西樓角道1 - 17號,荃灣,新領域廣場,共有業權,1 - 17 Sai Lau Kok Road,Grand City Plaza,TSUEN WAN,
Multiple Ownership,沙咀道298號,荃灣,翡翠廣場,共有業權,298 Sha Tsui Road,Jade Plaza,TSUEN WAN,
Multiple Ownership,大河道88號,荃灣,灣景廣場,共有業權,88 Tai Ho Road,Skyline Plaza,TSUEN WAN,
Multiple Ownership,大河道 98號,荃灣,全城匯,共有業權,98 Tai Ho Road,Parc City,TSUEN WAN,
Multiple Ownership,永順街38號,荃灣,海灣花園,共有業權,38 Wing Shun Street,Waterside Plaza,TSUEN WAN,
Multiple Ownership,上水龍琛路39號,北區,上水廣場,共有業權,"39 Lung Sum Avenue,Sheung Shui",Landmark North,NORTH,
Multiple Ownership,葵涌大窩口路151 - 156號興芳路166 - 174號,葵青,新葵興花園,共有業權,"151 - 156 Tai Wo Hau Road 166 - 174 Hing Fong Road, Kwai Chung",Sun Kwai Hing Gardens,KWAI TSING,
Multiple Ownership,葵涌華星街8 - 10號,葵青,華達工業中心,共有業權,"8 - 10 Wah Sing Street, Kwai Chung",Wah Tat Industrial Centre,KWAI TSING,
Multiple Ownership,"葵涌華員徑1及2號及華景山路6, 8及12號",葵青,華員邨,共有業權,"1 & 2 Wah Yuen Drive,6, 8 & 12 Wah King Hill Road, Kwai Chung",Wah Yuen Chuen,KWAI TSING,
Multiple Ownership,葵涌葵昌路51號,葵青,九龍貿易中心,共有業權,"51 Kwai Cheong Road, Kwai Chung",Kowloon Commerce Centre,KWAI TSING,
Multiple Ownership,葵涌青山公路382號,葵青,嘉翠園,共有業權,"382 Castle Peak Road, Kwai Chung",Greenknoll Court,KWAI TSING,
Multiple Ownership,荃景圍187 - 195號及安逸街2 - 22號,荃灣,荃威花園,共有業權,187 - 195 Tsuen King Circuit and 2 - 22 On Yat Street,Allway Gardens,TSUEN WAN,
Multiple Ownership,芙蓉山路28號,荃灣,芙蓉雅苑,共有業權,28 Fu Yung Shan Road,Lotus Villa,TSUEN WAN,
Multiple Ownership,荃景圍86 - 105號,荃灣,荃灣中心,共有業權,86 - 105 Tsuen King Circuit,Tsuen Wan Centre,TSUEN WAN,
Multiple Ownership,眾安街68號,荃灣,荃灣千色匯I,共有業權,68 Chung On Street,KOLOUR Tsuen Wan I,TSUEN WAN,
Multiple Ownership,青山公路荃灣段 264 - 298號及西樓角道64 - 98號,荃灣,南豐中心,共有業權,"264 - 298 Castle Peak Road, Tsuen Wan & 64 - 98 Sai Lau Kok Road",Nan Fung Centre,TSUEN WAN,
Multiple Ownership,荃錦公路98號,荃灣,寶雲滙,共有業權,98 Route Twisk,The Cliveden,TSUEN WAN,
Multiple Ownership,荃錦公路108號,荃灣,朗逸峯,共有業權,108 Route Twisk,The Cairnhill,TSUEN WAN,
Multiple Ownership,大壩街 4 - 30 號,荃灣,荃灣廣場,共有業權,4 - 30 Tai Pa Street,Tsuen Wan Plaza,TSUEN WAN,
Multiple Ownership,葵涌葵富路7 - 11號,葵青,葵涌廣場,共有業權,"Nos. 7-11 Kwai Foo Road, Kwai Chung",Kwai Chung Plaza,KWAI TSING,
Multiple Ownership,葵涌榮芳路9號,葵青,恆景花園,共有業權,"No. 9 Wing Fong Road,Kwai Chung",Hang King Garden,KWAI TSING,
Single Ownership,葵涌永基路55號,葵青,嘉里貨運中心,單一業權,"No. 55 Wing Kei Road, Kwai Chung",Kerry Cargo Centre,KWAI TSING,
Multiple Ownership,葵涌貨櫃碼頭路88號,葵青,永得利廣場,共有業權,"No. 88 Container Port Road, Kwai Chung",Ever Gain Plaza,KWAI TSING,
Multiple Ownership,沙咀道358 - 362號,荃灣,全發商業大廈,共有業權,358 - 362 Sha Tsui Road,Fortune Commercial Building,TSUEN WAN,
Multiple Ownership,沙咀道328號,荃灣,寶石大廈,共有業權,328 Sha Tsui Road,Bo Shek Mansion,TSUEN WAN,
Multiple Ownership,金鐘道95號,中西區,統一中心,共有業權,95 Queensway,United Centre,CENTRAL & WESTERN,
Multiple Ownership,紅荔道8號,九龍城,半島豪庭,共有業權,8 Hung Lai Road,Royal Peninsula,KOWLOON CITY,
Multiple Ownership,啓德沐寧街8號,九龍城,啓德1號(II),共有業權,8 Muk Ning Street,One Kai Tak (II),KOWLOON CITY,
Multiple Ownership,啓德沐寧街2號,九龍城,啓德1號(I),共有業權,2 Muk Ning Street,One Kai Tak (I),KOWLOON CITY,
Multiple Ownership,德輔道中19號,中西區,環球大廈,共有業權,19 Des Voeux Road Central,World Wide House,CENTRAL & WESTERN,
Multiple Ownership,紅鸞道18號,九龍城,One Harbour Gate,共有業權,18 Hung Luen Road,One Harbour Gate,KOWLOON CITY,
Multiple Ownership,第三街88號,中西區,星鑽,共有業權,88 Third Street,The Nova,CENTRAL & WESTERN,
Multiple Ownership,"馬頭圍道44, 46及48、 差館里8及12號、 佛光街1A, 3 ,5及7號",九龍城,家維邨,共有業權,"44, 46 & 48 Ma Tau Wai Road, 8 & 12 Station Lane and 1A, 3, 5 & 7 Fat Kwong Street",Ka Wai Chuen,KOWLOON CITY,
Multiple Ownership,九龍城道61號,九龍城,同興花園,共有業權,61 Kowloon City Road,Harmony Garden,KOWLOON CITY,
Multiple Ownership,九龍城道151號,九龍城,浩明雅苑,共有業權,151 Kowloon City Road,Homing Terrace,KOWLOON CITY,
Multiple Ownership,環海街11號,九龍城,海名軒,共有業權,11 Wan Hoi Street,Harbourfront Landmark,KOWLOON CITY,
Single Ownership,紅樂道12號,九龍城,海韻軒-海景酒店,單一業權,12 Hung Lok Road,"Harbourview Horizon,All-suite Hotel",KOWLOON CITY,
Single Ownership,雲咸街60號,中西區,中央廣場,單一業權,60 Wynham Street,The Centrium,CENTRAL & WESTERN,
Multiple Ownership,愛景街8號,九龍城,海濱南岸,共有業權,8 Oi King Street,Harbour Place,KOWLOON CITY,
Multiple Ownership,喇沙利道18A,九龍城,喇沙利道18A,共有業權,18A La Salle Road,18A La Salle Road,KOWLOON CITY,
Single Ownership,寶其利街123號,九龍城,盈采華庭,單一業權,123 Bulkeley Street,Grand Blossom House,KOWLOON CITY,
Multiple Ownership,忠孝街93號,九龍城,欣圖軒,共有業權,93 Chung Hau Street,Cascades,KOWLOON CITY,
Single Ownership,南丫島牙較灣22號,離島,南丫島牙較灣22號,單一業權,"22 Nga Kau Wan, Lamma Island","22 Nga Kau Wan, Lamma Island",ISLANDS,
Multiple Ownership,干諾道中168 - 200號,中西區,信德中心,共有業權,168 - 200 Connaught Road Central,Shun Tak Centre,CENTRAL & WESTERN,
Multiple Ownership,大嶼山東涌迎康街1號,離島,昇薈,共有業權,"1 Ying Hong Street, Tung Chung, Lantau",Visionary,ISLANDS,
Multiple Ownership,高陞街28號 / 皇后街1號 / 皇后大道西99號 / 德輔道西38號,中西區,帝后華庭,共有業權,28 Ko Shing Street / 1 Queen Street / 99 Queen's Road West / 38 Des Voeux Road West,Queen's Terrace,CENTRAL & WESTERN,
Multiple Ownership,寶文街1號,東區,峻峰花園,共有業權,1 PoMan Street,Perfect Mount Gardens,EASTERN,
Multiple Ownership,北角丹拿道18號,東區,丹拿花園,共有業權,"18 Tanner Road, North Point",Tanner Garden,EASTERN,
Multiple Ownership,北角英皇道460 - 470號及書局街12 - 18號,東區,樂嘉中心,共有業權,"460-470 King's Road, 12-18 Shu Kuk Street, North Point",Roca Centre,EASTERN,
Single Ownership,北角英皇道663 及665號,東區,萬誠保險千禧廣場及海逸酒店,單一業權,"663 & 665 King's Road, Harbour Plaza, North Point",Prosperity Millennia Plaza & Harbour Plaza,EASTERN,
Multiple Ownership,金鐘道88號,中西區,太古廣場一及二期,共有業權,88 Queensway,Pacific Place Phases I & II,CENTRAL & WESTERN,
Multiple Ownership,將軍澳唐俊街 12 號,西貢,天晉IIIA,共有業權,12 Tong Chun Street Tseung Kwan O,The Wings IIIA,SAI KUNG,
Multiple Ownership,鰂魚涌西灣臺 1號,東區,鰂魚涌西灣臺1號,共有業權,"1 Sai Wan Terrace, Quarry Bay",Mount Parker Residences,EASTERN,
Multiple Ownership,英皇道1060號,東區,栢蕙苑,共有業權,1060 King's Road,Parkvale,EASTERN,
Single Ownership,香港迪士尼樂園,離島,香港迪士尼樂園,單一業權,Hong Kong Disneyland,Hong Kong Disneyland,ISLANDS,
Multiple Ownership,東涌達東路20號,離島,東薈城,共有業權,"20 Tat Tung Road, Tung Chung",Citygate,ISLANDS,
Multiple Ownership,東涌海濱路12號,離島,藍天海岸,共有業權,"12 Tung Chung Waterfront Road, Tung Chung",Coastal Skyline,ISLANDS,
Multiple Ownership,鰂魚涌康柏徑10號,東區,康景花園,共有業權,"10 Hong Pak Path, Quarry Bay",Mount Parker Lodge,EASTERN,
Single Ownership,北角北角道8號,東區,隆運大厦,單一業權,"8 North Point Road, North Point",Loong Wan Building,EASTERN,
Multiple Ownership,第一街8號,中西區,縉城峰,共有業權,8 First Street,Island Crest,CENTRAL & WESTERN,
Multiple Ownership,柴灣柴灣道350號,東區,樂軒臺,共有業權,350 Chai Wan Road Chai Wan,Lok Hin Terrace,EASTERN,
Multiple Ownership,粉嶺百和路88號,北區,花都廣場,共有業權,"88 Pak Wo Road,Fanling",Flora Plaza,NORTH,
Multiple Ownership,東涌健東路2號,離島,映灣園,共有業權,"2 Kin Tung Road,Tung Chung",Caribbean Coast,ISLANDS,
Multiple Ownership,太康街51 - 59號,東區,鯉景灣,共有業權,31 - 39 Tai Hong Street,"Lei King Wan, 31 - 39 Tai Hong Street",EASTERN,
Multiple Ownership,北角英皇道632號,東區,慧雲峰,共有業權,"632 King's Road, North Point",La Place de Victoria,EASTERN,
Multiple Ownership,北角炮台山道28號,東區,豪廷峯,共有業權,"28 Fortress Hill Road, North Point",Le Sommet,EASTERN,
Multiple Ownership,康山道,東區,"康山花園,康怡花園及康怡廣塲(南)和(北)",共有業權,Kornhill Road,"Kornhill Garden, Kornhill & Kornhill Plaza (South) & (North)",EASTERN,
Multiple Ownership,小西灣小西灣道28號,東區,藍灣半島,共有業權,"28 Siu Sai Wan Road,Siu Sai Wan",Island Resort,EASTERN,
Multiple Ownership,北角英皇道510號,東區,港運城,共有業權,"510 King's Road, North Point",Island Place,EASTERN,
Single Ownership,北角英皇道494號,東區,香港大學專業進修學院,單一業權,"494 King's Road, North Point",HKU School of Professional And Continuing Education,EASTERN,
Multiple Ownership,柴灣盛泰道100號,東區,杏花邨,共有業權,"100 Shing Tai Road, Chai Wan",Heng Fa Chuen,EASTERN,
Single Ownership,阿公岩村道18號,東區,恆通資源中心,單一業權,18A Kung Ngam Village Road,Hang Tung Resources Centre,EASTERN,
Multiple Ownership,夏慤道16號,中西區,遠東金融中心,共有業權,16 Harcourt Road,Far East Finance Centre,CENTRAL & WESTERN,
Single Ownership,添美道1號,中西區,中信大廈,單一業權,1 Tim Mei Avenue,CITIC Tower,CENTRAL & WESTERN,
Multiple Ownership,西灣河太康街38號,東區,嘉亨灣,共有業權,"38 Tai Hong Street, Sai Wan Ho",Grand Promenade,EASTERN,
Multiple Ownership,北角英皇道238號,東區,康澤花園,共有業權,"238 King's Road, North Point",Fortress Metro Tower,EASTERN,
Multiple Ownership,富景花園 柴灣小西灣道18號,東區,富景花園柴灣小西灣道18號,共有業權,"18 Siu Sai Wan Road,Chai Wan",Fullview Garden,EASTERN,
Multiple Ownership,電氣道 233 號,東區,城市花園,共有業權,233 Electric Road,City Garden,EASTERN,
Multiple Ownership,筲箕灣111號,東區,欣景花園,共有業權,111 Shau Kei Wan Road,Felicity Garden,EASTERN,
Multiple Ownership,北角寶馬山道15-43號,東區,賽西湖大廈,共有業權,15-43 Braemar Hill Road,Braemar Hill Mansions,EASTERN,
Multiple Ownership,柴灣小西灣道23號,東區,富怡花園,共有業權,"23 Siu Sai Wan Road,Chai Wan",Cheerful Garden,EASTERN,
Single Ownership,鰂魚涌華蘭路25號,東區,柏克大廈(前稱「大昌行商業中心」),單一業權,"25 Westlands Road, Quarry Bay",Berkshire House (formerly known as DCH Commercial Centre),EASTERN,
Single Ownership,龍華街9號,中西區,香港大學賽馬會第三學生村,單一業權,9 Lung Wah Street,The University of Hong Kong Jockey Club Student Village III,CENTRAL & WESTERN,
Multiple Ownership,天后廟道 151 - 173 號,東區,百福花園,共有業權,151-173 Tin Hau Temple Road,Bedford Gardens,EASTERN,
Single Ownership,皇后大道中100號,中西區,皇后大道中100號,單一業權,100 Queen's Road Central,100 Queen's Road Central,CENTRAL & WESTERN,
Multiple Ownership,都會道 8-9號,九龍城,都會軒,共有業權,8-9 Metropolis Drive,The Metropolis,KOWLOON CITY,
Multiple Ownership,崇安街33號,九龍城,旭日豪庭,共有業權,33 Sung On Street,Sunrise Villa,KOWLOON CITY,
Single Ownership,德豐街18 - 22號,九龍城,海濱廣場一座、海濱廣場二座及九龍海逸君綽酒店,單一業權,18-22 Tak Fung Street,"One Harbour Front, Two Harbour Front and Harbour Grand Kowloon",KOWLOON CITY,
Multiple Ownership,筲箕灣愛禮街2號,東區,愛蝶灣,共有業權,"2 Oi Lai Street, ,Shau Kei Wan",Aldrich Garden,EASTERN,
Multiple Ownership,東源街 7 號及崇耀街 9 號,觀塘,Peninsula East,共有業權,7 Tung Yuen Street and 9 Shun Yiu Street,Peninsula East,KWUN TONG,
Multiple Ownership,紅鸞道7號,九龍城,維港‧星岸,共有業權,7 Hung Luen Road,Stars by The Harbour,KOWLOON CITY,
Single Ownership,北角英皇道625號,東區,北角英皇道625號,單一業權,"625 King's Road, North Point","625 King's Road, North Point",EASTERN,
Multiple Ownership,干諾道中128號,中西區,豫泰商業大廈,共有業權,128 Connaught Road Central,Yue Thai Commercial Building,CENTRAL & WESTERN,
Multiple Ownership,藍田匯景道,觀塘,匯景花園,共有業權,"Sceneway Road, Lam Tin",Sceneway Garden,KWUN TONG,
Multiple Ownership,沙田鄉事會路138號,沙田,新城市中央廣場,共有業權,138 Sha Tin Rural Committee Road,Grand Central Plaza,SHA TIN,
Multiple Ownership,打鼓嶺清水灣道,西貢,歡泰花園,共有業權,"Clear Water Bay Road, Ta Ku Ling",Capital Garden,SAI KUNG,
Multiple Ownership,安景街11 - 17號,沙田,翠湖花園,共有業權,11 - 17 On King Street,Garden Vista,SHA TIN,
Multiple Ownership,大圍積輝街2 - 18號 及大圍道55 - 65號,沙田,金禧花園,共有業權,"2 - 18 Chik Fai Street & 55 - 65 Tai Wai Road, Tai Wai",Grandeur Garden,SHA TIN,
Multiple Ownership,將軍澳唐明街 1 號,西貢,富康花園,共有業權,"1 Tong Ming Street, Tseung Kwan O",Beverly Garden,SAI KUNG,
Multiple Ownership,竹洋路6號A,西貢,栢寧頓花園,共有業權,6A Chuk Yeung Road,Burlingame Garden,SAI KUNG,
Multiple Ownership,檳榔灣,西貢,浪濤苑,共有業權,Pan Long Wan,Billows Villa,SAI KUNG,
Single Ownership,巧明街及偉業街交界,觀塘,麗東酒店,單一業權,"J/O How Ming Street,and Wai Yip Street",Newton Hotel,KWUN TONG,
Multiple Ownership,觀月．樺峯華街8號,觀塘,觀月．樺峯,共有業權,8 Yuet Wah Street,Park Metropolitan,KWUN TONG,
Multiple Ownership,馬鞍山鞍誠街28號,沙田,富輝花園,共有業權,"28 On Shing Street,Ma On Shan",Fu Fai Garden,SHA TIN,
Multiple Ownership,九肚山路1E號,沙田,蔚林居,共有業權,1E Kau To Shan Road,Forest Hill,SHA TIN,
Multiple Ownership,九龍灣臨樂街19號,觀塘,南豐商業中心,共有業權,"19 Lam Lok Street, Kowloon Bay",Nam Fung Commercial Centre,KWUN TONG,
Multiple Ownership,大涌橋路20 - 30號,沙田,河畔花園,共有業權,20 - 30 Tai Chung Kiu Road,Garden Rivera,SHA TIN,
Multiple Ownership,樂景街11號,沙田,榕翠園,共有業權,11 Lok King Street,Ficus Garden,SHA TIN,
Single Ownership,大涌橋路55 - 57號,沙田,海鮮舫,單一業權,55 - 57 Tai Chung Kiu Road,Floating Restaurant,SHA TIN,
Multiple Ownership,嵐霞路,西貢,青雲閣,共有業權,Lam Ha Road,Bellevue Villa,SAI KUNG,
Multiple Ownership,銀臺路15號,西貢,碧濤花園,共有業權,15 Silver Terrace Road,Bella Vista,SAI KUNG,
Multiple Ownership,將軍澳唐俊街 11 號,西貢,寶盈花園,共有業權,"11 Tong Chun Street, Tseung Kwan O",Bauhinia Garden,SAI KUNG,
Multiple Ownership,銀湖路1號,西貢,彩濤別墅,共有業權,1 Silver Lake Road,Rainbow Villa,SAI KUNG,
Multiple Ownership,馬鞍山烏溪沙路8 號,沙田,迎海,共有業權,"8 Wu Kai Sha Road, Ma On Shan",Double Cove,SHA TIN,
Multiple Ownership,清水灣道亞公灣,西貢,松園,共有業權,"Ah Kung Wan, Clear Water Bay Road",Pine Villa,SAI KUNG,
Multiple Ownership,鳯秀路6號,西貢,雅都花園,共有業權,6 Fung Sau Road,Asiacity Gardens,SAI KUNG,
Single Ownership,竹洋路99號,西貢,龍嶺,單一業權,99 Chuk Yeung Road,Arcadia,SAI KUNG,
Multiple Ownership,觀塘道418號,觀塘,創紀之城第五期,共有業權,418 Kwun Tong Road,Millennium City V,KWUN TONG,
Multiple Ownership,銀岬路5號,西貢,愛琴居及宗座外方傳教會,共有業權,5 Silver Cape Road,Aegean Villa and P.I.M.E. House,SAI KUNG,
Multiple Ownership,清水灣道845號,西貢,清水灣道845號,共有業權,845 Clear Water Bay Road,845 Clear Water Bay Road,SAI KUNG,
Multiple Ownership,觀塘道392號,觀塘,創紀之城第六期,共有業權,392 Kwun Tong Road,Millennium City VI,KWUN TONG,
Multiple Ownership,崗背街9 - 11號,沙田,全輝中心,共有業權,9 - 11 Kong Pui Street,Chuen Fai Centre,SHA TIN,
Multiple Ownership,碧沙路23號,西貢,君爵堡,共有業權,23 Pik Sha Road,Royal Castle,SAI KUNG,
Multiple Ownership,銀岬路26號,西貢,金碧苑第一期,共有業權,26 Silver Cape Road,Golden Cove Lookout Phase I,SAI KUNG,
Multiple Ownership,銀城街,沙田,沙田第一城,共有業權,Ngan Shing Street,City One Sha Tin,SHA TIN,
Multiple Ownership,坑口永隆路8號,西貢,坑口永隆路8號,共有業權,8 Hang Hau Wing Lung Road,8 Hang Hau Wing Lung Road,SAI KUNG,
Single Ownership,銀巒路5號,西貢,銀巒路5號,單一業權,5 Silver Crest Road,5 Silver Crest Road,SAI KUNG,
Multiple Ownership,"鳳秀路3, 3A, 7及9號",西貢,"鳳秀路3,3A,7及9號",共有業權,"3, 3A, 7 & 9 Fung Sau Road","3, 3A, 7 & 9 Fung Sau Road",SAI KUNG,
Multiple Ownership,"鳯秀路1C, 2, 2B",西貢,"鳯秀路1C,2,2B",共有業權,"1C, 2, 2B Fung Sau Road","1C, 2, 2B Fung Sau Road",SAI KUNG,
Single Ownership,偉業街223 - 231號,觀塘,宏利金融中心,單一業權,223 - 231 Wai Yip Street,Manulife Financial Centre,KWUN TONG,
Multiple Ownership,小瀝源路69號,沙田,帝堡城,共有業權,69 Siu Lek Yuen Road,Castello,SHA TIN,
Multiple Ownership,觀塘道370號,觀塘,創紀之城第三期,共有業權,370 Kwun Tong Road,Millennium City III,KWUN TONG,
Multiple Ownership,觀塘道378號,觀塘,創紀之城第二期,共有業權,378 Kwun Tong Road,Millennium City II,KWUN TONG,
Multiple Ownership,坑口永隆路28號,西貢,海景別墅,共有業權,28 Hang Hau Wing Lung Road,Ocean View Lodge,SAI KUNG,
Multiple Ownership,大涌橋路52號,沙田,富豪花園,共有業權,52 Tai Chung Kiu Road,Belair Gardens,SHA TIN,
Multiple Ownership,坑口永隆路12號,西貢,永隆苑,共有業權,12 Hang Hau Wing Lung Road,Wing Lung Villas,SAI KUNG,
Multiple Ownership,將軍澳蓬萊路8號,西貢,清水灣半島,共有業權,"8 Pung Loi Road, Tseung Kwan O",Oscar by the Sea,SAI KUNG,
Multiple Ownership,甘澍路10號,西貢,甘澍路10號,共有業權,10 Kam Shue Road,10 Kam Shue Road,SAI KUNG,
Multiple Ownership,將軍澳培成路8號,西貢,南豐廣場,共有業權,"8 Pui Shing Road, Tseung Kwan O",Nam Fung Plaza,SAI KUNG,
Multiple Ownership,銀巒路11號,西貢,銀巒路11號,共有業權,11 Silver Crest Road,11 Silver Crest Road,SAI KUNG,
Multiple Ownership,粉嶺聯捷街1號,北區,榮福中心,共有業權,"1 Luen Chit Street, Fanling",Wing Fok Centre,NORTH,
Single Ownership,巧明街100號,觀塘,城東誌,單一業權,100 How Ming Street,Landmark East,KWUN TONG,
Multiple Ownership,觀塘麗港街,觀塘,麗港城,共有業權,"Laguna Street, Kwun Tong",Laguna City,KWUN TONG,
Single Ownership,亞公灣路,西貢,曲溪小築,單一業權,Ah Kung Wan Road,Villas Caquecoy,SAI KUNG,
Multiple Ownership,將軍澳貿泰路8號,西貢,茵怡花園,共有業權,"8 Mau Tai Road, Tseung Kwan O",Verbena Heights,SAI KUNG,
Multiple Ownership,亞公灣道,西貢,灣景小築,共有業權,Ah Kung Wan Road,View Point,SAI KUNG,
Multiple Ownership,上水金錢南路8號,北區,御林皇府,共有業權,"8 Kam Tsin South Road, Sheung Shui",The Royal Oaks,NORTH,
Multiple Ownership,飛雲路2號,西貢,明華園,共有業權,2 Fei Wan Road,Ming Wah Yuen,SAI KUNG,
Multiple Ownership,將軍澳景嶺路8號,西貢,都會駅,共有業權,"8 King Ling Road, Tseung Kwan O",Metro Town,SAI KUNG,
Multiple Ownership,將軍澳澳景路88號,西貢,維景灣畔,共有業權,"88 O King Road, Tseung Kwan O",Ocean Shores,SAI KUNG,
Multiple Ownership,粉嶺聯捷街2 - 10號,北區,榮輝中心,共有業權,"2-10 Luen Chit Street, Fanling",Wing Fai Centre,NORTH,
Multiple Ownership,啓田道49號,觀塘,啓田大厦,共有業權,49 Kai Tin Road,Kai Tin Tower,KWUN TONG,
Single Ownership,九龍灣宏照道38號,觀塘,企業廣場五期,單一業權,"38 Wang Chiu Road, Kowloon Bay",Enterprise Square V (MegaBox),KWUN TONG,
Multiple Ownership,翠塘路1號A,西貢,景星廣場,共有業權,1A Chui Tong Road,Star Plaza,SAI KUNG,
Multiple Ownership,輋徑篤路17號,西貢,白沙灣花園,共有業權,17 Che Keng Tuk Road,Hebe Villa,SAI KUNG,
Multiple Ownership,竹洋路95號,西貢,樂居,共有業權,95 Chuk Yeung Road,Hillock,SAI KUNG,
Multiple Ownership,竹洋路101號,西貢,竹洋路101號,共有業權,101 Chuk Yeung Road,Hilldon,SAI KUNG,
Multiple Ownership,飛鵝山道,西貢,海巒苑,共有業權,Fei Ngo Shan Road,Helena Heights,SAI KUNG,
Multiple Ownership,樂翠街 19號,屯門,青山別墅,共有業權,19 Lok Chui Street,Castle Peak Villas,TUEN MUN,
Multiple Ownership,上水古洞坑頭路,北區,上水古洞坑頭路,共有業權,"Hang Tau Road, Kwu Tung, Sheung Shui",Goodwood Park,NORTH,
Multiple Ownership,粉嶺車站路18號,北區,粉嶺名都,共有業權,"18 Fanling Station Road, Fanling",Fanling Town Centre,NORTH,
Single Ownership,銀線灣銀巒路9號,西貢,銀巒別墅,單一業權,"9 Silver Crest Road, Silverstrand",Silver Crest Villa,SAI KUNG,
Single Ownership,銀岬路2號,西貢,銀線灣廣場,單一業權,2 Silver Cape Road,Silverstrand Mart,SAI KUNG,
Multiple Ownership,安寧徑2號,西貢,銀輝小築,共有業權,2 Serenity Path,Silver Chalet,SAI KUNG,
Multiple Ownership,竹洋路93及102號,西貢,西沙小築,共有業權,93 & 102 Chuk Yeung Road,Sea View Villa,SAI KUNG,
Multiple Ownership,銀線灣銀岬路18號,西貢,夏威夷花園,共有業權,"18 Silver Cape Road, Silverstrand",Hawaii Garden,SAI KUNG,
Multiple Ownership,碧沙路18號,西貢,翠浪小築,共有業權,18 Pik Sha Road,Greenwave Chalet,SAI KUNG,
Multiple Ownership,嘉翠苑 早禾路11號,西貢,嘉翠苑早禾路11號,共有業權,11 Tso Wo Road,Green Villa,SAI KUNG,
Multiple Ownership,銀岬路23號,西貢,金碧苑第二期,共有業權,23 Silver Cape Road,Golden Cove Lookout Phase II,SAI KUNG,
Multiple Ownership,粉嶺新運路33號,北區,粉嶺中心,共有業權,"33 San Wan Road, Fanling",Fanling Centre,NORTH,
Multiple Ownership,檳榔灣,西貢,銀林閣,共有業權,Pan Long Wan,Ryan Court,SAI KUNG,
Multiple Ownership,將軍澳至善街 3號,西貢,SAVANNAH,共有業權,3 Chi Shin Street Tseung Kwan O,SAVANNAH,SAI KUNG,
Multiple Ownership,安寧徑1號,西貢,金碧小築,共有業權,1 Serenity Path,Gold Chalet,SAI KUNG,
Multiple Ownership,白沙灣,西貢,寶石小築,共有業權,Pak Sha Wan,Ruby Chalet,SAI KUNG,
Multiple Ownership,清水灣道389號,西貢,金苑,共有業權,389 Clear Water Bay Road,Gold Villa,SAI KUNG,
Multiple Ownership,鳳秀路12號,西貢,鳳秀路12號,共有業權,12 Fung Sau Road,Fung Sau Villa,SAI KUNG,
Multiple Ownership,古洞金嘉街8號,北區,嘉麗山莊,共有業權,"8 Kam Ka Street,Kwu Tung",Casas Domingo,NORTH,
Multiple Ownership,粉嶺一鳴路23號,北區,牽晴間,共有業權,"23 Yat Ming Road, Fanling",Dawning Views,NORTH,
Multiple Ownership,銀巒路7號,西貢,華富花園,共有業權,7 Silver Crest Road,Fullway Garden,SAI KUNG,
Multiple Ownership,南圍路1號,西貢,慧園,共有業權,1 Nam Wai Road,Roseville Villa,SAI KUNG,
Multiple Ownership,亞公灣清水灣道684號,西貢,玫瑰小築,共有業權,"684 Clear Water Bay Road, Ah Kung Wan",Rose De Cosa,SAI KUNG,
Multiple Ownership,將軍澳培成路 15 號,西貢,蔚藍灣畔,共有業權,"15 Pui Shing Road, Tseung Kwan O",Residence Oasis,SAI KUNG,
Multiple Ownership,將軍澳重華路8號,西貢,東港城,共有業權,"8 Chung Wa Road, Tseung Kwan O",East Point City,SAI KUNG,
Multiple Ownership,早禾路18號,西貢,早和居,共有業權,18 Tso Wo Road,Floral Villas,SAI KUNG,
Multiple Ownership,飛鵝山飛雲路6 – 8 及12號,西貢,飛鵝花園,共有業權,"6 - 8 & 12 Fei Wan Road, Fei Ngo Shan",Flamingo Garden,SAI KUNG,
Multiple Ownership,一鳴路15號,北區,碧湖花園,共有業權,"15 Yat Ming Road, Fanling",Avon Park,NORTH,
Multiple Ownership,銀巒路18號,西貢,龍湖別墅,共有業權,18 Silver Crest Road,Dragon Lake Villa,SAI KUNG,
Multiple Ownership,粉嶺馬適路3號,北區,綠悠軒,共有業權,"3 Ma Sik Road, Fanling",Belair Monte,NORTH,
Multiple Ownership,丈量約份第229約 地段第230號 亞公灣路,西貢,丈量約份第229約地段第230號亞公灣路,共有業權,"DD 229 Lot 230,Ah Kung Wan Road","DD 229 Lot 230,Ah Kung Wan Road",SAI KUNG,
Single Ownership,清水灣道大環頭 丈量約份第236約 地段第358號,西貢,清水灣道大環頭丈量約份第236約地段第358號,單一業權,"DD 236 Lot No. 358,Tai Wan Tau, Clear Water Bay Road,Sai Kung","DD 236 Lot No. 358,Tai Wan Tau, Clear Water Bay Road,Sai Kung",SAI KUNG,
Multiple Ownership,九龍灣宏開道16號,觀塘,德福大厦,共有業權,"16 Wang Hoi Road, Kowloon Bay",Telford House,KWUN TONG,
Single Ownership,上水金錢路18號,北區,上水金錢路18號,單一業權,"18 Kam Tsin Road, Sheung Shui","18 Kam Tsin Road, Sheung Shui",NORTH,
Single Ownership,觀塘偉業街161號,觀塘,德勝廣場,單一業權,"161 Wai Yip Street, Kwun Tong",Tamson Plaza,KWUN TONG,
Multiple Ownership,偉業街33號,觀塘,德福花園及德福廣場,共有業權,33 Wai Yip Street,Telford Gardens and Telford Plaza,KWUN TONG,
Multiple Ownership,上水金錢徑1號,北區,翡翠園,共有業權,"1 Kam Tsin Path, Sheung Shui",Ascot Park,NORTH,
Multiple Ownership,安平街8號,沙田,偉達中心,共有業權,8 On Ping Street,Grandtech Centre,SHA TIN,
Multiple Ownership,馬鞍山鞍駿街11號,沙田,福安花園,共有業權,"11 On Chun Street,Ma On Shan",Fok On Garden,SHA TIN,
Multiple Ownership,打鼓嶺清水灣道,西貢,秀麗苑,共有業權,"Clear Water Bay Road, Ta Ku Ling",Celestial Villa,SAI KUNG,
Multiple Ownership,"大圍美田路16號, 村南路15及35號",沙田,富嘉花園,共有業權,"16 Mei Tin Road,15 & 35 Tsuen Nam Road, Tai Wai",Grandway Garden,SHA TIN,
Multiple Ownership,銀線灣銀岬路11號,西貢,富嘉堡,共有業權,"11 Silver Cape Road, Silverstrand",Casa Loma,SAI KUNG,
Multiple Ownership,銀線灣道5號,西貢,銀海山莊,共有業權,5 Silverstrand Beach Road,Casa Bella,SAI KUNG,
Multiple Ownership,打鼓嶺清水灣道,西貢,歡景花園,共有業權,"Clear Water Bay Road, Ta Ku Ling",Capital Villa,SAI KUNG,
Multiple Ownership,鴻圖道53號,觀塘,威明中心,共有業權,53 Hung To Road,Spectrum Tower,KWUN TONG,
Multiple Ownership,橫壆街2 - 16號,沙田,沙田中心,共有業權,2 - 16 Wang Pok Street,Sha Tin Centre,SHA TIN,
Single Ownership,安邦路大埔中心,大埔,大埔超級城多層停車場,單一業權,On Pong Road,"Tai Po Centre,Multi-storey Carpark",TAI PO,
Multiple Ownership,安泰路1號,大埔,大埔廣場,共有業權,1 On Tai Road,Tai Po Plaza,TAI PO,
Multiple Ownership,康樂園路,大埔,大埔變電站,共有業權,Hong Lok Yuen Road,Tai Po Electricity Substation,TAI PO,
Multiple Ownership,沙田正街1號,沙田,蔚景園,共有業權,1 Sha Tin Centre Street,Scenery Court,SHA TIN,
Multiple Ownership,穗禾路16號,沙田,碧霞花園,共有業權,16 Sui Wo Road,Sha Tin 33,SHA TIN,
Multiple Ownership,將軍澳運亨路1號,西貢,新都城中心第一期,共有業權,"1 Wan Hang Road, Tseung Kwan O",Metro City Phase I,SAI KUNG,
Multiple Ownership,將軍澳唐俊街 12 號,西貢,天晉Ⅱ,共有業權,12 Tong Chun Street Tseung Kwan O,The Wings II,SAI KUNG,
Multiple Ownership,將軍澳唐賢街 9 號,西貢,天晉,共有業權,9 Tong Yin Street Tseung Kwan O,The Wings,SAI KUNG,
Multiple Ownership,銀線灣銀泉徑8號,西貢,海天灣,共有業權,"8 Silver Stream Path, Silverstrand",The Villa Horizon,SAI KUNG,
Multiple Ownership,嵐霞路,西貢,陶樂苑,共有業權,Lam Ha Road,The Terraces,SAI KUNG,
Multiple Ownership,上水金翠路38號,北區,St. Andrew's Place,共有業權,"38 Kam Chui Road,Sheung Shui",St. Andrew's Place,NORTH,
Multiple Ownership,將軍澳欣景路8號,西貢,新都城2期,共有業權,"8 Yan King Road, Tseung Kwan O",Metro City Phase 2,SAI KUNG,
Multiple Ownership,上水智昌路9號,北區,上水名都,共有業權,"9 Chi Cheong Road, Sheung Shui",Sheung Shui Town Centre,NORTH,
Multiple Ownership,上水智昌路8號,北區,順欣花園,共有業權,"8 Chi Cheong Road, Sheung Shui",Sunningdale Garden,NORTH,
Multiple Ownership,上水中心水智昌路3號,北區,上水中心,共有業權,"3 Chi Cheong Road, Sheung Shui",Sheung Shui Centre,NORTH,
Single Ownership,九龍灣展貿徑1號,觀塘,國際展貿中心,單一業權,"1 Trademart Drive, Kowloon Bay",Hong Kong International Trade & Exhibition Centre (HITEC),KWUN TONG,
Multiple Ownership,清水灣道 8 號,觀塘,清水灣道8號,共有業權,8 Clear Water Bay Road,8 Clear Water Bay Road,KWUN TONG,
Multiple Ownership,油塘崇信街8號,觀塘,鯉灣天下,共有業權,"8 Shung Shun Street, Yau Tong",Canaryside,KWUN TONG,
Multiple Ownership,銀巒路10號,西貢,銀巒路10號,共有業權,10 Silver Crest Road,Ma Maison,SAI KUNG,
Multiple Ownership,清水灣道柏濤徑,西貢,柏濤灣,共有業權,"Clear Water Bay Road, Pak To Avenue",The Portofino,SAI KUNG,
Multiple Ownership,將軍澳運亨路8號,西貢,叠翠軒,共有業權,"8 Wan Hang Road, Tseung Kwan O",The Pinnacle,SAI KUNG,
Multiple Ownership,將軍澳培成路18號,西貢,海悅豪園,共有業權,"18 Pui Shing Road, Tseung Kwan O",Maritime Bay,SAI KUNG,
Multiple Ownership,觀塘道410號,觀塘,觀塘道410號,共有業權,410 Kwun Tong Road,410 Kwun Tong Road,KWUN TONG,
Multiple Ownership,上水馬適路38號,北區,皇府山,共有業權,"38 Ma Sik Road, Sheung Shui",Noble Hill,NORTH,
Multiple Ownership,觀塘創業街13A號,觀塘,觀塘創業街13A號,共有業權,"13A Chong Yip Street,Kwun Tong","13A Chong Yip Street,Kwun Tong",KWUN TONG,
Multiple Ownership,粉嶺和滿街8號,北區,帝庭軒,共有業權,"8 Wo Mun Street, Fanling",Regentville,NORTH,
Multiple Ownership,上水營盤粉錦公路 328號,北區,邁爾豪園,共有業權,"328 Fan Kam Road, Ying Pun,Sheung Shui",Miami Crescent,NORTH,
Multiple Ownership,將軍澳貿業路8號,西貢,都會豪庭新都城3期,共有業權,"8 Mau Yip Road, Tseung Kwan O",The Metropolis Metro City Phase 3,SAI KUNG,
Multiple Ownership,竹洋路100號,西貢,樂濤居,共有業權,100 Chuk Yeung Road,Lotus Villas,SAI KUNG,
Single Ownership,丈量約份第 243 約地段第 1503 號 碧沙路 20-22 號,西貢,丈量約份第243約地段第1503號碧沙路20-22號,單一業權,Lot 1503 in DD 24320-22 Pik Sha Road,Lot 1503 in DD 24320-22 Pik Sha Road,SAI KUNG,
Multiple Ownership,將軍澳銀澳路1號,西貢,新寶城,共有業權,"1 Ngan O Road, Tseung Kwan O",La Cite Noble,SAI KUNG,
Multiple Ownership,上水龍運街8號,北區,新都廣場,共有業權,"8 Lung Wan Street, Sheung Shui",Metropolis Plaza,NORTH,
Multiple Ownership,打鼓嶺清水灣道,西貢,松濤苑,共有業權,"Clear Water Bay Road, Ta Ku Ling",Las Pinadas,SAI KUNG,
Multiple Ownership,粉嶺百和路55號百福村,北區,禎祥園,共有業權,"Pak Fuk Tsuen,55 Pak Wo Road, Fanling",Magdalene Garden,NORTH,
Multiple Ownership,上水龍琛路33號,北區,龍豐花園,共有業權,"33 Lung Sum Avenue, Sheung Shui",Lung Fung Garden,NORTH,
Multiple Ownership,竹洋路6-8號,西貢,雄愉花園,共有業權,6 - 8 Chuk Yeung Road,Hunlicar Garden,SAI KUNG,
Single Ownership,銀岬路9號,西貢,翠湖別墅,單一業權,9 Silver Cape Road,La Casa Bella,SAI KUNG,
Multiple Ownership,竹角路9號,西貢,康曦花園,共有業權,9 Chuk Kok Road,Hong Hay Villa,SAI KUNG,
Multiple Ownership,粉嶺馬適路1號,北區,逸峯,共有業權,"1 Ma Sik Road, Fanling",Green Code,NORTH,
Multiple Ownership,甘澍路8號,西貢,東桂,共有業權,8 Kam Shue Road,Hilltop Villa,SAI KUNG,
Multiple Ownership,粉嶺和滿街9號,北區,御庭軒,共有業權,"9 Wo Mun Street, Fanling",Grand Regentville,NORTH,
Multiple Ownership,青泰路28號,屯門,富安新邨,共有業權,28 Tsing Tai Road,Fiona Garden,TUEN MUN,
Multiple Ownership,坑口永隆路36號,西貢,海濤別墅,共有業權,36 Hang Hau Wing Lung Road,The Chalet,SAI KUNG,
Multiple Ownership,飛鵝山飛霞路17號,西貢,天鵝小築,共有業權,"17 Fei Ha Road,Fei Ngo Shan",Swan Villas,SAI KUNG,
Multiple Ownership,青翠徑11號,屯門,雅麗花園,共有業權,11 Tsing Chui Path,Elite Garden,TUEN MUN,
Multiple Ownership,新青街20號,屯門,雅都花園,共有業權,20 San Tsing Street,Eldo Court,TUEN MUN,
Multiple Ownership,馬鞍山西沙路628號,沙田,海濤居,共有業權,"628 Sai Sha Road,Ma On Shan",Tolo Place,SHA TIN,
Multiple Ownership,馬鞍山鞍駿街8號,沙田,海典居,共有業權,"8 On Chun Street,Ma On Shan",Villa Oceania,SHA TIN,
Multiple Ownership,大圍恆樂里11 - 13號,沙田,山居小築,共有業權,"11 - 13 Hang Lok Lane, Tai Wai",Vermount Villa,SHA TIN,
Multiple Ownership,福亨村路138號,屯門,綠怡居,共有業權,138 Fuk Hang Tsuen Road,Botania Villa,TUEN MUN,
Multiple Ownership,屯門鄉事會路83號,屯門,瓏門,共有業權,83 Tuen Mun Heung Sze Wui Road,Century Gateway,TUEN MUN,
Single Ownership,浩洋街 96 號,屯門,珠江貨倉2,單一業權,96 Ho Yeung Street,Chu Kong Godown 2,TUEN MUN,
Multiple Ownership,石排頭徑1號,屯門,卓爾居,共有業權,1 Shek Pai Tau Path,Chelsea Heights,TUEN MUN,
Multiple Ownership,馬鞍山鞍誠街22號,沙田,新港城C-D座,共有業權,"22 On Shing Street,Ma On Shan","Sunshine City,Block C - D",SHA TIN,
Multiple Ownership,銅鑼灣山路,沙田,嘉御山,共有業權,Tung Lo Wan Hill Road,The Great Hill,SHA TIN,
Multiple Ownership,青松觀路33號,屯門,澤豐花園,共有業權,33 Tsing Chung Koon Road,Affluence Garden,TUEN MUN,
Multiple Ownership,馬鞍山鞍誠街18號,沙田,新港城A-B座,共有業權,"18 On Shing Street,Ma On Shan","Sunshine City,Block A - B",SHA TIN,
Multiple Ownership,馬鞍山鞍祿街18號,沙田,新港城,共有業權,"18 On Luk Street,Ma On Shan",Sunshine City,SHA TIN,
Multiple Ownership,圓洲角路11號,沙田,春暉花園,共有業權,11 Yuen Chau Kok Road,Springfield Garden,SHA TIN,
Multiple Ownership,崗背街1 - 3號,沙田,花園城第二期,共有業權,1 - 3 Kong Pui Street,Shatin Park Stage 2,SHA TIN,
Multiple Ownership,崗背街13 - 15號,沙田,花園城第三期,共有業權,13 - 15 Kong Pui Street,Shatin Park Stage 3,SHA TIN,
Single Ownership,沙角街8 - 12號,沙田,花園城第一期,單一業權,8 - 12 Sha Kok Street,Shatin Park Stage 1,SHA TIN,
Single Ownership,沙田大埔公路 – 沙田段6001號,沙田,沙田馬場,單一業權,"6001 Tai Po Road-ShaTin, Sha Tin",Sha Tin Racecourse,SHA TIN,
Multiple Ownership,南灣道61號,南區,華景園,共有業權,61 South Bay Road,Grand Garden,SOUTHERN,
Multiple Ownership,沙田正街21 - 27號,沙田,沙田廣場,共有業權,21 - 27 Sha Tin Centre Street,Sha Tin Plaza,SHA TIN,
Multiple Ownership,瞭望里18號,大埔,蔚海山莊,共有業權,18 Lookout Link,Villa Costa,TAI PO,
Single Ownership,元洲仔里,大埔,煤氣檢管站,單一業權,Island House Lane,Town Gas Pigging Station,TAI PO,
Multiple Ownership,南運路9號,大埔,新達廣場,共有業權,9 Nam Wan Road,Uptown Plaza,TAI PO,
Multiple Ownership,大埔公路4233號 大埔滘段,大埔,松苑,共有業權,"4233 Tai Po Road,Tai Po Kau",Tolo Ridge,TAI PO,
Multiple Ownership,佳美道12號,南區,海明山,共有業權,12 Carmel Road,Carmel Hill,SOUTHERN,
Multiple Ownership,火炭山尾街18 - 24號,沙田,沙田商業中心,共有業權,"18 - 24 Shan Mei Street, Fo Tan",Sha Tin Galleria,SHA TIN,
Multiple Ownership,福華街188號,深水埗,海峯,共有業權,188 Fuk Wa Street,Vista,SHAM SHUI PO,
Single Ownership,長沙灣道681號,深水埗,貿易廣場,單一業權,681 Cheung Sha Wan Road,Trade Square,SHAM SHUI PO,
Multiple Ownership,南灣道57號,南區,南灣道57號,共有業權,57 South Bay Road,Belgravia,SOUTHERN,
Multiple Ownership,悠安街21號,沙田,湖景花園,共有業權,21 Yau On Street,Lakeview Garden,SHA TIN,
Multiple Ownership,深盛路9號,深水埗,宇晴軒,共有業權,9 Sham Shing Road,The Pacifica,SHAM SHUI PO,
Multiple Ownership,馬鞍山西沙路599號,沙田,銀湖天峰,共有業權,"599 Sai Sha Road, Ma On Shan",Lake Silver,SHA TIN,
Multiple Ownership,崗背街5號,沙田,皇御居,共有業權,5 Kong Pui Street,Kingston Lodge,SHA TIN,
Multiple Ownership,沙田圍路1 - 7號,沙田,勵城花園,共有業權,1 - 7 Sha Tin Wai Road,Lai Shing Garden,SHA TIN,
Multiple Ownership,汀角路61號,大埔,樂賢居,共有業權,61 Ting Kok Road,Riviera Lodge,TAI PO,
Multiple Ownership,燕子里18號,大埔,海景山莊,共有業權,18 Yin Tse Lane,Seaview Villas,TAI PO,
Multiple Ownership,大埔公路 - 元洲仔段3985號,大埔,御泓居,共有業權,"3985 Tai Po Road,Yuen Chau Tsai",Riverain Bayside,TAI PO,
Multiple Ownership,露輝路33號,大埔,嘉豐花園,共有業權,33 Lo Fai Road,Richwood Park,TAI PO,
Multiple Ownership,大圍積存街38 - 44號,沙田,嘉全樓,共有業權,"38 - 44 Chik Chuen Street, Tai Wai",Ka Chuen House,SHA TIN,
Multiple Ownership,荔枝角道833號,深水埗,昇悅居,共有業權,833 Lai Chi Kok Road,Liberte,SHAM SHUI PO,
Multiple Ownership,昌華街38號,深水埗,麗寶花園,共有業權,38 Cheung Wah Street,Lai Bo Garden,SHAM SHUI PO,
Multiple Ownership,樂景街2 - 18號,沙田,銀禧花園,共有業權,2 - 18 Lok King Street,Jubilee Garden,SHA TIN,
Single Ownership,山尾街36 - 42號,沙田,嘉里(沙田)貨倉,單一業權,36 - 42 Shan Mei Street,Kerry Godown (Shatin),SHA TIN,
Multiple Ownership,寶湖道3號,大埔,寶湖花園,共有業權,3 Plover Cove Road,Plover Cove Garden,TAI PO,
Multiple Ownership,安慈路3號,大埔,翠屏花園,共有業權,3 On Chee Road,Jade Plaza,TAI PO,
Multiple Ownership,積運街2 - 8號,沙田,海福花園,共有業權,2 - 8 Chik Wan Street,Holford Gardens,SHA TIN,
Multiple Ownership,達之路80 號,深水埗,又一城,共有業權,80 Tat Chee Avenue,Festival Walk,SHAM SHUI PO,
Single Ownership,西貢北年明路1號,大埔,香港浸信會神學院,單一業權,"1 Nin Ming Road,Sai Kung North",Hong Kong Baptist Theological Seminary,TAI PO,
Multiple Ownership,昌華街 23 號,深水埗,富華廣場,共有業權,23 Cheung Wah Street,Florence Plaza,SHAM SHUI PO,
Single Ownership,恒樂里5號,沙田,恒樂苑,單一業權,5 Hang Lok Lane,Harmony Lodge,SHA TIN,
Multiple Ownership,沙田正街3 - 9號,沙田,希爾頓中心,共有業權,3 - 9 Sha Tin Centre Street,Hilton Plaza,SHA TIN,
Multiple Ownership,顯泰街18號,沙田,名家滙,共有業權,18 Hin Tai Street,Hill Paramount,SHA TIN,
Multiple Ownership,安慈路4號,大埔,昌運中心,共有業權,4 On Chee Road,Fortune Plaza,TAI PO,
Multiple Ownership,山賢路8號,大埔,大埔寶馬山,共有業權,"8 Shan Yin Road,Tai Po",Grand Palisades,TAI PO,
Multiple Ownership,沙角街7 - 11號,沙田,翠華花園,共有業權,7 - 11 Sha Kok Street,Greenwood Garden,SHA TIN,
Multiple Ownership,翠樂街9號,大埔,翠林閣,共有業權,9 Chui Lok Street,Evergreen Court,TAI PO,
Single Ownership,大南西街609號,深水埗,永義廣場,單一業權,609 Tai Nan West Street,Easy Tower,SHAM SHUI PO,
Multiple Ownership,欽州街37K號,深水埗,西九龍中心,共有業權,37K Yen Chow Street,Dragon Centre,SHAM SHUI PO,
Multiple Ownership,沙田圍路9 - 11號,沙田,田園閣,共有業權,9 - 11 Sha Tin Wai Road,Greenfield Court,SHA TIN,
Multiple Ownership,大埔公路 - 大埔滘段4188號,大埔,叠翠豪庭,共有業權,4188 Tai Po Road - Tai Po Kau,Emerald Palace,TAI PO,
Multiple Ownership,南運路1 - 7號,大埔,富雅花園,共有業權,1 - 7 Nam Wan Road,Elegance Garden,TAI PO,
Multiple Ownership,龍坪道15-19號,深水埗,畢架山花園(第二期),共有業權,15-19 Lung Ping Road,Beacon Heights (Phase II),SHAM SHUI PO,
Multiple Ownership,大埔公路 - 大埔滘段4883號,大埔,觀海崇庭,共有業權,"4883 Tai Po Road - Tai Po Kau, Tai Po",Dragon Fountain,TAI PO,
Multiple Ownership,大埔公路 - 大埔滘段4699號,大埔,鹿茵山莊,共有業權,4699 Tai Po Road - Tai Po Kau,Deerhill Bay,TAI PO,
Single Ownership,界限街大坑東遊樂場,深水埗,界限街變電站,單一業權,"Tai Hang Tung Recreation Ground, Boundary Street",Boundary Street Electricity Substation,SHAM SHUI PO,
Multiple Ownership,深盛路8號,深水埗,碧海藍天,共有業權,8 Sham Shing Road,Aqua Marine,SHAM SHUI PO,
Multiple Ownership,良德街11號,屯門,寶怡花園,共有業權,11 Leung Tak Street,Blossom Garden,TUEN MUN,
Multiple Ownership,樂怡街5號,屯門,輝固發展中心,共有業權,5 Lok Yi Street,Fugro Development Centre,TUEN MUN,
Single Ownership,大埔瞭望里12號,大埔,大埔瞭望里12號,單一業權,"12 Lookout Link,Tai Po","12 Lookout Link,Tai Po",TAI PO,
Multiple Ownership,紅林路1號大埔公路 - 大埔滘段,大埔,滌濤山,共有業權,"1 Hung Lam Drive, Tai Po Road - Tai Po Kau",Constellation Cove,TAI PO,
Multiple Ownership,沙田正街11 - 17號,沙田,偉華中心,共有業權,11 - 17 Sha Tin Centre Street,Wai Wah Centre,SHA TIN,
Multiple Ownership,樂翠街21號,屯門,芳苑,共有業權,21 Lok Chui Street,Fontana Villa,TUEN MUN,
Single Ownership,長沙灣道909號,深水埗,長沙灣道909號,單一業權,909 Cheung Sha WanRoad,909 Cheung Sha WanRoad,SHAM SHUI PO,
Single Ownership,永康街9號,深水埗,永康街9號,單一業權,9 Wing Hong Street,9 Wing Hong Street,SHAM SHUI PO,
Multiple Ownership,大埔公路沙田嶺段 8006號,沙田,桂園,共有業權,"8006 Tai Po Road, Sha Tin Heights",Woodcrest Hill,SHA TIN,
Multiple Ownership,公園南路9號,元朗,藝典居,共有業權,9 Town Park Road South,Villa Art Deco,YUEN LONG,
Multiple Ownership,屯仁街2號,屯門,屯門市廣場(第三期),共有業權,2 Tuen Yan Street,Tuen Mun Town Plaza (Phase III),TUEN MUN,
Multiple Ownership,元龍街9號,元朗,Yoho Midtown,共有業權,9 Yuen Lung Street,Yoho Midtown,YUEN LONG,
Multiple Ownership,晏架街65號及 鐵樹街43號,油尖旺,海康大廈,共有業權,"65 Anchor Street and,43 Tit Shu Street",Hoi Hong Building,YAU TSIM MONG,
Multiple Ownership,屯隆街3號,屯門,屯門市廣場(第二期),共有業權,3 Tuen Lung Street,Tuen Mun Town Plaza (Phase II),TUEN MUN,
Multiple Ownership,太子道西193號,油尖旺,新世紀廣場,共有業權,193 Prince Edward Road West,Grand Century Place,YAU TSIM MONG,
Multiple Ownership,長樂街19號,油尖旺,拔萃豪庭,共有業權,19 Cheong Lok Street,Excellent Court,YAU TSIM MONG,
Multiple Ownership,深旺道8號,油尖旺,君匯港,共有業權,8 Sham Mong Road,Harbour Green,YAU TSIM MONG,
Multiple Ownership,元朗洪順路18號,元朗,溱林,共有業權,"18 Hung Shun Road, Yuen Long",The Woodsville,YUEN LONG,
Multiple Ownership,屯喜路2號,屯門,屯門栢麗廣場,共有業權,2 Tuen Hi Road,Tuen Mun Parklane Square,TUEN MUN,
Multiple Ownership,"屯盛街1號, 屯順街1號, 屯隆街3號 及屯仁街2號",屯門,屯門市廣場(第一期),共有業權,"1 Tuen Shing Street, 1 Tuen Shun Street, 3 Tuen Lung Street & 2 Tuen Yan Street",Tuen Mun Town Plaza (Phase I),TUEN MUN,
Single Ownership,鳳翔路2-6號,元朗,交通廣場,單一業權,2 - 6 Fung Cheung Road,Transport Plaza,YUEN LONG,
Multiple Ownership,科學館道1號,油尖旺,康宏廣場,共有業權,1 Science Museum Road,Concordia Plaza,YAU TSIM MONG,
Multiple Ownership,青山村165號,屯門,曉巒,共有業權,165 Tsing Shan Tsuen,The Hill Grove,TUEN MUN,
Multiple Ownership,丹桂村50號,元朗,丹桂軒,共有業權,50 Tan Kwai Tsuen,The Verdancy,YUEN LONG,
Single Ownership,大角咀道 88號,油尖旺,麗悅酒店,單一業權,88 Tai Kok Tsui Road,Cosmo Hotel,YAU TSIM MONG,
Multiple Ownership,青楊街 3 號,屯門,大興工業中心,共有業權,3 Tsing Yeung Circuit,Tai Hing Industrial Building,TUEN MUN,
Multiple Ownership,樂翠街6 - 18號,屯門,青麗灣別墅,共有業權,6 - 18 Lok Chui Street,The Castle Bay,TUEN MUN,
Multiple Ownership,安景街1 - 3號,沙田,濱景花園,共有業權,1 - 3 On King Street,Ravana Garden,SHA TIN,
Multiple Ownership,馬鞍山錦英路6號,沙田,富寶花園,共有業權,"6 Kam Ying Road,Ma On Shan",Saddle Ridge Garden,SHA TIN,
Multiple Ownership,駿景路1號,沙田,駿景園,共有業權,1 Tsun King Road,Royal Ascot,SHA TIN,
Multiple Ownership,安邦路6號,大埔,大埔中心(第5期),共有業權,6 On Pong Road,"Tai Po Centre,(Phase 5)",TAI PO,
Multiple Ownership,安邦路8號,大埔,大埔中心(第4期),共有業權,8 On Pong Road,"Tai Po Centre,(Phase 4)",TAI PO,
Multiple Ownership,碧田街8號,沙田,翠景花園,共有業權,8 Pik Tin Street,Park View Garden,SHA TIN,
Multiple Ownership,安景街21 - 23號,沙田,碧濤花園2期,共有業權,21 - 23 On King Street,Pictorial Garden Phase,SHA TIN,
Multiple Ownership,圓洲角翠欣街8號,沙田,欣廷軒,共有業權,"8 Chui Yan Street, Yuen Chau Kok",Prima Villa,SHA TIN,
Multiple Ownership,安邦路8 - 10號,大埔,大埔中心(第2期),共有業權,8 - 10 On Pong Road,"Tai Po Centre,(Phase 2)",TAI PO,
Multiple Ownership,寶湖里3號,大埔,大埔中心(第3期),共有業權,3 Po Wu Lane,"Tai Po Centre,(Phase 3)",TAI PO,
Multiple Ownership,樂景街28號,沙田,御龍山,共有業權,28 Lok King Street,Palazzo,SHA TIN,
Multiple Ownership,西沙路530號,大埔,帝琴灣-凱弦居,共有業權,530 Sai Sha Road,Symphony Bay Villa Concerto,TAI PO,
Multiple Ownership,安邦路9號,大埔,大埔中心(第1期),共有業權,9 On Pong Road,"Tai Po Centre,(Phase 1)",TAI PO,
Multiple Ownership,安邦路3號,大埔,大埔中心,共有業權,3 On Pong Road,Tai Po Centre,TAI PO,
Single Ownership,南灣道17號,南區,南灣道17號,單一業權,17 South Bay Road,17 South Bay Road,SOUTHERN,
Multiple Ownership,橫壆街1 - 15號,沙田,好運中心,共有業權,1 - 15 Wang Pok Street,Lucky Plaza,SHA TIN,
Multiple Ownership,安埔里2號,大埔,新興花園,共有業權,2 On Po Lane,Sun Hing Garden,TAI PO,
Multiple Ownership,馬鞍山鞍駿街1號,沙田,馬鞍山中心,共有業權,"1 On Chun Street,Ma On Shan",Ma On Shan Centre,SHA TIN,
Single Ownership,大埔公路 - 大埔滘段4130號,大埔,史提福樓,單一業權,"4130 Tai Po Road - Tai Po Kau, Tai Po",Strafford House,TAI PO,
Multiple Ownership,樂翠街 3 號,屯門,栢濤居,共有業權,3 Lok Chui Street,Kings Park Villa,TUEN MUN,
Multiple Ownership,屯隆街1號,屯門,錦華花園,共有業權,1 Tuen Lung Street,Kam Wah Garden,TUEN MUN,
Single Ownership,山南路33號,大埔,香港國際創價學會文化康樂中心,單一業權,33 Shan Nam Road,Soka Gakkai International of Hong Kong Cultural and Recreational Centre,TAI PO,
Multiple Ownership,灣仔堅尼地道9M號,灣仔,皇朝閣,共有業權,"9M Kennedy Road, Wan Chai",Royal Court,WAN CHAI,
Multiple Ownership,新潭路75號,元朗,意花園,共有業權,75 San Tam Road,Crescendo,YUEN LONG,
Multiple Ownership,洪水橋洪堤路2號,元朗,錦珊園,共有業權,"2 Hung Tai Road,Hung Shui Kiu",Coronet Court,YUEN LONG,
Multiple Ownership,元朗天水圍天恩路2號,元朗,柏慧豪園,共有業權,"Tin Yan Road, Tin Shui Wai,Yuen Long",Central Park Towers 2,YUEN LONG,
Multiple Ownership,北角英皇道1號,灣仔,栢景臺,共有業權,"1 King's Road, North Point",Park Towers,WAN CHAI,
Multiple Ownership,井財街15號,屯門,金銘大厦,共有業權,15 Tseng Choi Street,Kam Men Mansion,TUEN MUN,
Multiple Ownership,屯門鄉事會路153號,屯門,康麗花園,共有業權,153 Tuen Mun Heung Sze Wui Road,Hong Lai Garden,TUEN MUN,
Multiple Ownership,青山灣青山公路333號,屯門,恆福花園,共有業權,"333 Castle Peak Road, Castle Peak Bay",Hanford Garden,TUEN MUN,
Single Ownership,灣仔謝菲道238號,灣仔,世紀香港酒店,單一業權,"238 Jaffe Road,Wan Chai",Novotel Century Hong Kong Hotel,WAN CHAI,
Multiple Ownership,洪水橋洪堤路8號,元朗,雅珊園,共有業權,"8 Hung Tai Road,Hung Shui Kiu",Aster Court,YUEN LONG,
Multiple Ownership,新潭路83號,元朗,夏威夷豪園,共有業權,83 San Tam Road,Casa Paradizo,YUEN LONG,
Multiple Ownership,洪水橋洪堤路3號,元朗,麗珊園,共有業權,"3 Hung Tai Road,Hung Shui Kiu",Beauty Court,YUEN LONG,
Multiple Ownership,黃泥涌峽道8號,灣仔,蔚豪苑,共有業權,"8 Wong Nai Chung,Gap Road",Nicholson Tower,WAN CHAI,
Multiple Ownership,洪水橋大街63號,元朗,頤景居,共有業權,63 Hung Shui Kiu Main Street,Bellevue Court,YUEN LONG,
Multiple Ownership,跑馬地山村道49號,灣仔,駿愉居,共有業權,"49 Village Road,Happy Valley",Le Village,WAN CHAI,
Multiple Ownership,良德街9號,屯門,盈豐園,共有業權,9 Leung Tak Street,Goodrich Garden,TUEN MUN,
Multiple Ownership,灣仔堅尼地道9L號,灣仔,萬信臺,共有業權,"9L Kennedy Road,Wan Chai",Monmouth Place,WAN CHAI,
Multiple Ownership,灣仔李節街1號,灣仔,李節花園,共有業權,"1 Li Chit Street, Wan Chai",Li Chit Garden,WAN CHAI,
Multiple Ownership,圓州角路15 - 17號,沙田,翠麗花園,共有業權,15 - 17 Yuen Chau Kok Road,Green Leaves Garden,SHA TIN,
Multiple Ownership,龍門路45號,屯門,富健花園,共有業權,45 Lung Mun Road,Glorious Garden,TUEN MUN,
Multiple Ownership,彌敦道700號,油尖旺,彌敦道700號,共有業權,700 Nathan Road,700 Nathan Road,YAU TSIM MONG,
Single Ownership,新潭路81號,元朗,新潭路81號,單一業權,81 San Tam Road,81 San Tam Road,YUEN LONG,
Multiple Ownership,灣仔莊士敦道60 - 66號,灣仔,嘉薈軒,共有業權,"60 - 66 Johnston Road,Wanchai",J Residence,WAN CHAI,
Single Ownership,麽地道69號,油尖旺,帝苑酒店,單一業權,69 Mody Road,The Royal Garden Hotel,YAU TSIM MONG,
Multiple Ownership,棉登徑8號,油尖旺,豪峰軒,共有業權,8 Minden Avenue,The Pinnacle,YAU TSIM MONG,
Single Ownership,灣仔皇后大道東183號,灣仔,合和中心,單一業權,"183 Queen's Road East, Wan Chai",Hopewell Centre,WAN CHAI,
Single Ownership,北京道1號,油尖旺,北京道1號,單一業權,1 Peking Road,One Peking,YAU TSIM MONG,
Multiple Ownership,海輝道8號,油尖旺,浪澄灣,共有業權,8 Hoi Fai Road,The Long Beach,YAU TSIM MONG,
Multiple Ownership,櫸樹街 88號,油尖旺,奧柏·御峯,共有業權,88 Beech Street,Park Summit,YAU TSIM MONG,
Multiple Ownership,海輝道18號,油尖旺,一號銀海,共有業權,18 Hoi Fai Road,One Silver Sea,YAU TSIM MONG,
Multiple Ownership,灣仔告士打道39號,灣仔,夏慤大廈,共有業權,"39 Gloucester Road, Wan Chai",Harcourt House,WAN CHAI,
Multiple Ownership,春暉道8 - 10號,灣仔,愉富大廈,共有業權,8 - 10 Chun Fai Road,Elm Tree Towers,WAN CHAI,
Multiple Ownership,海庭道18號,油尖旺,奧海城二期,共有業權,18 Hoi Ting Road,Olympian City Two,YAU TSIM MONG,
Multiple Ownership,福利街8號,油尖旺,港灣豪庭,共有業權,8 Fuk Lee Street,Metro Harbour View,YAU TSIM MONG,
Multiple Ownership,港灣道23及25號,灣仔,鷹君中心及海港中心,共有業權,23 & 25 Harbour Road,Great Eagle Centre & Harbour Centre,WAN CHAI,
Single Ownership,銅鑼灣軒尼詩道502號,灣仔,黃金廣場,單一業權,"502 Hennessy Road, Causeway Bay",Goldmark,WAN CHAI,
Single Ownership,灣仔茂蘿街1-11號及巴路士街6-12號,灣仔,動漫基地,單一業權,"1-11 Mallory Street & 6-12 Burrows Street, Wan Chai",Comix Home Base,WAN CHAI,
Multiple Ownership,北角天后廟道18號,灣仔,傲龍軒,共有業權,"18 Tin Hau Temple Road, North Point",Dragon Pride,WAN CHAI,
Single Ownership,港灣道26號,灣仔,華潤大廈,單一業權,26 Harbour Road,China Resources Building,WAN CHAI,
Single Ownership,灣仔港灣道18號,灣仔,中環廣場,單一業權,"18 Harbour Road,Wan Chai",Central Plaza,WAN CHAI,
Single Ownership,灣仔告士打道138號,灣仔,聯合鹿島大廈,單一業權,"138 Gloucester Road, Wan Chai",Allied Kajima Building,WAN CHAI,
Multiple Ownership,灣仔肇輝臺八號,灣仔,灣仔肇輝臺八號,共有業權,"8 Shiu Fai Terrace, Wanchai","8 Shiu Fai Terrace, Wanchai",WAN CHAI,
Multiple Ownership,海輝道 11號,油尖旺,奧海城一期,共有業權,11 Hoi Fai Road,Olympian City One,YAU TSIM MONG,
Multiple Ownership,廣東道28號及北京道8號,油尖旺,力寶太陽廣場及香港朗廷酒店,共有業權,28 Canton Road and 8 Peking Road,Lippo Sun Plaza & Langham Hotel Hong Kong,YAU TSIM MONG,
Multiple Ownership,松街1號,油尖旺,形品·星寓洋,共有業權,1 Larch Street,Lime Stardom,YAU TSIM MONG,
Multiple Ownership,河內道18號,油尖旺,K11,共有業權,18 Hanoi Road,K11,YAU TSIM MONG,
Multiple Ownership,柯士甸道西1號,油尖旺,九龍站物業發展,共有業權,1 Austin Road West,Kowloon Station Development,YAU TSIM MONG,
Multiple Ownership,京士栢山道1至98號,油尖旺,京士栢山,共有業權,1 to 98 King's Park Hill Road,King's Park Hill,YAU TSIM MONG,
Multiple Ownership,金巴利道26號,油尖旺,金巴利道26號,共有業權,26 Kimberley Road,Kimberley 26,YAU TSIM MONG,
Multiple Ownership,豉油街12號及新填地街354號交界處,油尖旺,豉油街12號及新填地街354號交界處,共有業權,Junction of 12 Soy Street and 354 Reclamation Street,Junction of 12 Soy Street and 354 Reclamation Street,YAU TSIM MONG,
Multiple Ownership,屯利街1號,屯門,華都花園,共有業權,1 Tuen Lee Street,Waldorf Garden,TUEN MUN,
Multiple Ownership,康寶路88號,屯門,茵翠豪庭,共有業權,88 Hong Po Road,Villa Pinada,TUEN MUN,
Multiple Ownership,良德街12號,屯門,海麗花園,共有業權,12 Leung Tak Street,Venice Garden,TUEN MUN,
Multiple Ownership,荔枝角道863號,深水埗,泓景臺,共有業權,863 Lai Chi Kok Road,Banyan Garden,SHAM SHUI PO,
Single Ownership,沙田正街18號,沙田,新城巿廣場(第一期),單一業權,18 Sha Tin Centre Street,New Town Plaza (Phase I),SHA TIN,
Multiple Ownership,青山公路249-251號,元朗,元朗廣場,共有業權,249 - 251 Castle Peak Road,Yuen Long Plaza,YUEN LONG,
Multiple Ownership,元朗安寧路38號,元朗,世宙,共有業權,"38 On Ning Road, Yuen Long",Yuccie Square,YUEN LONG,
Multiple Ownership,海輝道10及12號,油尖旺,瓏璽,共有業權,10 & 12 Hoi Fai Road,Imperial Cullinan,YAU TSIM MONG,
Multiple Ownership,將軍澳唐俊街21號,西貢,海翩匯,共有業權,"21 Tong Chun Street, Tseung Kwan O",The Papillons,SAI KUNG,
Multiple Ownership,屯隆街2號,屯門,屯門時代廣埸,共有業權,2 Tuen Lung Street,Tuen Mun Trend Plaza,TUEN MUN,
Multiple Ownership,雞地元龍街8號,元朗,新時代廣場,共有業權,"8 Yuen Lung Street,Kai Tei",Yoho Town,YUEN LONG,
Multiple Ownership,洋松街38號,油尖旺,I-home,共有業權,38 Larch Street,I-home,YAU TSIM MONG,
Multiple Ownership,深旺道1號,油尖旺,匯豐中心,共有業權,1 Sham Mong Road,HSBC Centre,YAU TSIM MONG,
Multiple Ownership,櫻桃街38號及 大角咀道9號,油尖旺,海桃灣,共有業權,"38 Cherry Street &,9 Tai Kok Tsui Road",Florient Rise,YAU TSIM MONG,
Multiple Ownership,將軍澳唐賢街29號,西貢,藍塘傲,共有業權,"29 Tong Yin Street, Tseung Kwan O",ALTO Residences,SAI KUNG,
Multiple Ownership,元朗十八鄉路11號,元朗,尚悅,共有業權,"11 Shap Pat Heung Road, Yuen Long",The Reach,YUEN LONG,
Multiple Ownership,朗日路8號,元朗,新元朗中心,共有業權,8 Long Yat Road,Sun Yuen Long Centre,YUEN LONG,
Multiple Ownership,元朗擴業街8號,元朗,朗屏8號,共有業權,"8 Kwong Yip Street, Yuen Long",The Spectra,YUEN LONG,
Multiple Ownership,粉嶺和豐街28號,北區,囍逸,共有業權,"28 Wo Fung Street, Fanling",Commune Modern,NORTH,
Multiple Ownership,尖沙咀廣東道33號,油尖旺,中港城,共有業權,33 Canton Road,China Hong Kong City,YAU TSIM MONG,
Multiple Ownership,龍門路 55 - 65 號,屯門,新屯門中心,共有業權,55 - 65 Lung Mun Road,Sun Tuen Mun Centre,TUEN MUN,
Single Ownership,漆咸道南79號,油尖旺,中國五礦大廈,單一業權,79 Chatham Road South,China Minmetals Tower,YAU TSIM MONG,
Multiple Ownership,海泓道及海庭道交界處,油尖旺,富榮花園,共有業權,"Junction of,Hoi Ting Road and Hoi Wang Road",Charming Garden,YAU TSIM MONG,
Multiple Ownership,屯貴路3號,屯門,倚嶺南庭,共有業權,3 Tuen Kwai Road,South Hillcrest,TUEN MUN,
Multiple Ownership,福亨村路8號,屯門,豫豐花園,共有業權,8 Fuk Hang Tsuen Road,Sherwood,TUEN MUN,
Multiple Ownership,馬田路80號,元朗,御庭居,共有業權,80 Ma Tin Road,SpringdaleVillas,YUEN LONG,
Multiple Ownership,錦田路233號,元朗,四季雅苑,共有業權,233 Kam Tin Road,Seasons Villas,YUEN LONG,
Multiple Ownership,建發街15號,屯門,來得利工業大厦,共有業權,15 Kin Fat Street,Roytery Industrial Building,TUEN MUN,
Multiple Ownership,錦上路157號,元朗,四季豪園,共有業權,157 Kam Sheung Road,Seasons Palace,YUEN LONG,
Multiple Ownership,錦田路183號,元朗,四季名園,共有業權,183 Kam Tin Road,Seasons Monarch,YUEN LONG,
Multiple Ownership,覺士道9號,油尖旺,嘉文花園,共有業權,9 Cox's Road,Carmen's Garden,YAU TSIM MONG,
Multiple Ownership,麽地道65號,油尖旺,安達中心,共有業權,65 Mody Road,Auto Plaza,YAU TSIM MONG,
Multiple Ownership,太子道東638號,黃大仙,譽•港灣,共有業權,638 Prince Edward Road East,The Latitude,WONG TAI SIN,
Multiple Ownership,湖翠路138號,屯門,啓豐園,共有業權,138 Wu Chui Road,Richland Garden,TUEN MUN,
Multiple Ownership,景峰徑2號,屯門,景峰花園,共有業權,2 King Fung Path,Prime View Garden,TUEN MUN,
Multiple Ownership,湖翠路168 - 236號,屯門,海翠花園,共有業權,168 - 236 Wu Chui Road,Pierhead Garden,TUEN MUN,
Multiple Ownership,彩虹道242號,黃大仙,采頤花園,共有業權,242 Choi Hung Road,Rhythm Garden,WONG TAI SIN,
Single Ownership,屏會街13-17號,元朗,屏會中心,單一業權,13 - 17 Ping Wui Street,Ping Wui Centre,YUEN LONG,
Multiple Ownership,和生圍,元朗,加州豪園,共有業權,Wo Sang Wai,Royal Palms,YUEN LONG,
Multiple Ownership,映河路1號,元朗,爾巒,共有業權,1 Ying Ho Road,Riva,YUEN LONG,
Multiple Ownership,元朗青山公路潭尾段18號,元朗,峻巒,共有業權,"18 Castle Peak Road Tam Mi, Yuen Long",Park Vista,YUEN LONG,
Multiple Ownership,靑山公路168號,屯門,翠濤居,共有業權,168 Castle Peak Road,Palm Cove,TUEN MUN,
Single Ownership,海華路38號,屯門,加油站及石油氣加氣站,單一業權,38 Hoi Wah Road,Petrol cum LPG Filling Station,TUEN MUN,
Multiple Ownership,小欖村路2號,屯門,帝濤灣,共有業權,2 Siu Lam Tsuen Road,Palatial Coast,TUEN MUN,
Multiple Ownership,龍蟠街 3 號,黃大仙,星河明居,共有業權,3 Lung Poon Street,Galaxia,WONG TAI SIN,
Multiple Ownership,斧山道185號,黃大仙,宏景花園,共有業權,185 Hammer Hill Road,Grand View Garden,WONG TAI SIN,
Multiple Ownership,丹桂村路60號,元朗,菁雅居第一期,共有業權,60 Tan Kwai Tsuen Road,"Meadowlands, Phase I",YUEN LONG,
Multiple Ownership,和生圍,元朗,加州花園,共有業權,Wo Sang Wai,Palm Springs,YUEN LONG,
Multiple Ownership,丹桂村路80號,元朗,玉桂園,共有業權,80 Tan Kwai Tsuen Road,Osmanthus Gardens,YUEN LONG,
Multiple Ownership,海泓道,油尖旺,奧海城3期,共有業權,Hoi Wang Road,Olympian City 3,YAU TSIM MONG,
Multiple Ownership,灣仔皇后大道東213號,灣仔,胡忠大廈,共有業權,"213 Queen's Road East, Wan Chai",Wu Chung House,WAN CHAI,
Multiple Ownership,海珠路2號,屯門,海典軒,共有業權,2 Hoi Chu Road,Oceania Heights,TUEN MUN,
Multiple Ownership,屯利街2號,屯門,新都大廈,共有業權,2 Tuen Lee Street,New Town Mansion,TUEN MUN,
Multiple Ownership,合財街19號,元朗,鉅發大厦,共有業權,19 Hop Choi Street,Kui Fat Building,YUEN LONG,
Multiple Ownership,牛池灣永定道15號,黃大仙,怡發花園,共有業權,"15 Wing Ting Road, Ngau Chi Wan",Fortune Garden,WONG TAI SIN,
Multiple Ownership,天瑞路88號,元朗,俊宏軒,共有業權,88 Tin Shui Road,Grandeur Terrace,YUEN LONG,
Multiple Ownership,壽富街60號,元朗,好順福大廈,共有業權,60 Sau Fu Street,Ho Shun Fuk Building,YUEN LONG,
Multiple Ownership,牛潭尾路39號,元朗,綠攸居,共有業權,39 Ngau Tam Mei Road,Greenacres Villa,YUEN LONG,
Multiple Ownership,鑼灣渣甸坊44號 及渣甸街47號,灣仔,采怡閣,共有業權,"44 Jardine's Crescent and,47 Jardine's Bazzar, ,Causeway Bay",The Grandeur,WAN CHAI,
Single Ownership,灣仔譚臣道121 - 131號 及菲林明道2 - 10號,灣仔,大同中心,單一業權,"121 - 131Thomson Road and,2 - 10 Fleming Road, Wanchai",Tai Tung Building,WAN CHAI,
Multiple Ownership,恆富街23號,屯門,南浪海灣,共有業權,23 Hang Fu Street,Nerine Cove,TUEN MUN,
Multiple Ownership,龍門路43號,屯門,龍門居,共有業權,43 Lung Mun Road,Lung Mun Oasis,TUEN MUN,
Multiple Ownership,業旺路 6 - 8 號,屯門,聯昌中心,共有業權,6 - 8 Yip Wong Road,Luen Cheong Can Centre,TUEN MUN,
Multiple Ownership,灣仔皇后大道東200號,灣仔,囍匯,共有業權,"200 Queen’s Road East, Wan Chai",The Avenue,WAN CHAI,
Single Ownership,港灣道30號,灣仔,新鴻基中心,單一業權,30 Harbour Road,Sun Hung Kai Centre,WAN CHAI,
Multiple Ownership,西菁街9號,元朗,富盛大廈,共有業權,9 Sai Ching Street,Full Shing Building,YUEN LONG,
Multiple Ownership,媽橫路7號,元朗,富來花園,共有業權,7 Ma Wang Road,Fu Loy Garden,YUEN LONG,
Multiple Ownership,元朗十八鄉路138號,元朗,翹翠峰,共有業權,"138 Shap Pat Heung Road, Yuen Long",Emerald Green,YUEN LONG,
Multiple Ownership,灣仔柯布連道2號及軒尼詩道130號,灣仔,修頓花園及修頓中心,共有業權,"2 O'Brien Road,130 Hennessy Road, Wan Chai",Southorn Garden & Southorn Centre,WAN CHAI,
Multiple Ownership,跑馬地桂成里12號,灣仔,誠和閣,共有業權,"12 Kwai Sing Lane, Happy Valley",Sherwood Court,WAN CHAI,
Multiple Ownership,景新徑,屯門,景新臺,共有業權,King San Path,Kingston Terrace,TUEN MUN,
Single Ownership,水車館街28號,元朗,萬金中心,單一業權,28 SHUI CHE KWUN STREET,Golden Plaza,YUEN LONG,
Multiple Ownership,科學館道9號,油尖旺,新東海商業中心,共有業權,9 Science Museum Road,New East Ocean Centre,YAU TSIM MONG,
Multiple Ownership,九龍灣宏照道39號,觀塘,企業廣場三期,共有業權,"39 Wang Chiu Road, Kowloon Bay",Enterprise Square Three,KWUN TONG,
Multiple Ownership,窩打老道8號,油尖旺,窩打老道8號,共有業權,8 Waterloo Road,8 Waterloo Road,YAU TSIM MONG,
Multiple Ownership,亞皆老街8號 / 上海街 555號,油尖旺,朗豪坊,共有業權,"8 Argyle Street &,555 Shanghai Street",Langham Place,YAU TSIM MONG,
Single Ownership,上海街268號,油尖旺,帝豪海景酒店,單一業權,268 Shanghai Street,Dorsett Seaview Hotel,YAU TSIM MONG,
Multiple Ownership,長沙灣道833號,深水埗,長沙灣廣場,共有業權,833 Cheung Sha Wan Road,Cheung Sha Wan Plaza,SHAM SHUI PO,
Single Ownership,長沙灣道678-684號,深水埗,麗新商業中心,單一業權,678-684 Cheung Sha Wan Road,Lai Sun Commercial Centre,SHAM SHUI PO,
Multiple Ownership,茘枝角道339號及醫局街213號,深水埗,丰滙,共有業權,339 Lai Chi Kok Road & 213 Yee Kuk Street,Trinity Towers,SHAM SHUI PO,
Multiple Ownership,大埔公路 - 大圍段 7838號,沙田,薈蕎,共有業權,7838 TAI PO ROAD - TAI WAI,The Met. Acappella,SHA TIN,
Multiple Ownership,偉業街 38號,觀塘,富臨中心,共有業權,38 WAI YIP STREET,Capital Tower,KWUN TONG,
Multiple Ownership,大潭水塘道7號,灣仔,雅柏苑,共有業權,7 Tai Tam Reservoir Road,Park Place,WAN CHAI,
Multiple Ownership,柴灣道233號,東區,新翠花園,共有業權,"233 Chai Wan Road, ,Chai Wan",New Jade Gardens,EASTERN,
Single Ownership,銅鑼灣軒尼詩道489號,灣仔,銅鑼灣廣場第1期,單一業權,"489 Hennessy Road, Causeway Bay",Causeway Bay Plaza 1,WAN CHAI,
Single Ownership,喜業街16號,元朗,東頭工業區,單一業權,16 Hi Yip Street,"Tung Tau,Industrial Area",YUEN LONG,
Single Ownership,橋發街25號,元朗,皇冠車行新車檢定中心,單一業權,25 Kiu Fat Street,Crown Motors Pre-Delivery Centre,YUEN LONG,
Multiple Ownership,青泰路22號,屯門,國興邨,共有業權,22 Tsing Tai Road,Kwok Hing Villa,TUEN MUN,
Single Ownership,大埔桐梓32號,大埔,大埔桐梓32號,單一業權,"32 Tung Tsz, Tai Po","32 Tung Tsz, Tai Po",TAI PO,
Multiple Ownership,飛雲路3號,西貢,翠麗園,共有業權,3 Fei Wan Road,Twilight Villa,SAI KUNG,
Multiple Ownership,碧沙路 10 號,西貢,滿湖花園,共有業權,10 Pik Sha Road,The Riviera,SAI KUNG,
Multiple Ownership,上水石湖墟新成路 88號,北區,海禧華庭,共有業權,"88 San Shing Avenue,Shek Wu Hui,Sheung Shui",Royal Jubilee,NORTH,
Multiple Ownership,德輔道中188號,中西區,金龍中心,共有業權,188 Des Voeux Road Central,Golden Centre,CENTRAL & WESTERN,
Multiple Ownership,灣仔皇后大道東 及灣仔道,灣仔,尚翹峰,共有業權,"Queen's Road East,and Wan Chai Road, Wanchai",The Zenith,WAN CHAI,
